,name,length,wear
0,Humberto Perez Line,short,0.3259025843113849
1,Kyle Bradford Line,short,0.0766888590682929
2,Daniel Gonzalez Line,short,0.5725372803698211
3,Cheryl White Line,long,0.9588837355723204
4,Gordon Atkins Line,medium,0.3244679479713126
5,James Breeden Line,short,0.4272610068227918
6,Michael Hastings Line,short,0.0677834572737285
7,Marjorie Edmondson Line,short,0.3807697227093115
8,Kareem Linebarger Line,long,0.482138369266102
9,Donna Thackaberry Line,short,0.5591860941161183
10,Xavier Harris Line,medium,0.4881455297790649
11,Kevin Young Line,medium,0.6168071624025898
12,Lois Reves Line,short,0.45816924532755
13,Lyla Johnson Line,long,0.6076641606499655
14,Marion Hayes Line,long,0.5457345342351151
15,Randy Moats Line,short,0.465972107894382
16,Richard Carty Line,medium,0.3923310365201503
17,Teresa Guignard Line,short,0.5461570573465399
18,Debbie Hall Line,medium,0.7641275181674503
19,Timothy Rodgers Line,medium,0.5772437389140901
20,Andre Nixon Line,medium,0.3812468686951535
21,Buford Deno Line,medium,0.7688580097738014
22,James Mercado Line,long,0.4071622994549805
23,Mario Laberge Line,long,0.7428098533870913
24,Edith Frost Line,long,0.7327423878405466
25,Steven Marschke Line,medium,0.2274420774401989
26,Leroy Allen Line,short,0.1697561702927907
27,Jason Abshire Line,long,0.986779240351244
28,Maxine Proctor Line,long,0.7728652711967317
29,Pauline Aguilar Line,short,0.5001759245121399
30,Robert Dougherty Line,short,0.107217396403259
31,Lois Giles Line,long,0.8953705530509549
32,Nancy Youngman Line,medium,0.5241563402503095
33,Francisco Mckenna Line,short,0.3358865329946812
34,Sara Hayes Line,long,0.6726745117046138
35,Linda Limerick Line,long,0.4584049356353296
36,Steven Reiter Line,long,0.7424399663542822
37,Luis Cahill Line,short,0.0157982581570432
38,Frederick Smith Line,medium,0.4812130643970503
39,Sarah Foulger Line,medium,0.2030505364344615
40,James Cohan Line,medium,0.7941594567758483
41,Jesus Acosta Line,short,0.3767803652432896
42,Mary Patton Line,long,0.6841913569780631
43,Willie Beall Line,medium,0.4655839003262885
44,Rebecca Blasingame Line,medium,0.2709898533864214
45,Victoria Smothers Line,long,0.739482729028106
46,Donald Reyes Line,long,0.9647680386672864
47,Antonia Brandon Line,short,0.3197760535749611
48,Helen Mallow Line,medium,0.6858074113620838
49,Patricia Mcbratney Line,short,0.0964074790788651
50,Douglas Holmes Line,long,0.5856053904600982
51,Kim Crouch Line,long,0.7436037687548788
52,Ronald Ducharme Line,short,0.1585634275632312
53,Allison Smith Line,medium,0.7938074395459667
54,Wilhelmina Bond Line,medium,0.7829455060295913
55,Ernest Eastwood Line,short,0.4774187267187714
56,Judith Wagner Line,short,0.464147438284247
57,Pearl Lovell Line,long,0.6841926689804576
58,David Gutierrez Line,medium,0.6838628571801071
59,Shirley Ott Line,long,0.9107686020070584
60,Nancy Martin Line,long,0.8541766190525523
61,Lottie Martin Line,medium,0.7371626871666865
62,Adam Carvajal Line,medium,0.7653753446217519
63,Theresa Benavides Line,long,0.6319314271031833
64,Christopher Kimme Line,short,0.1450846773932927
65,Fay Duff Line,long,0.4173960646410967
66,Roy Murrell Line,short,0.1365199819299245
67,Linda Stone Line,short,0.5726820880052689
68,Barbara Buskey Line,medium,0.454624951370408
69,Richard Ruiz Line,medium,0.4904368536227045
70,William Nass Line,long,0.8669648538850917
71,Connie Chapman Line,medium,0.2948312997345551
72,Jose Christensen Line,long,0.906299454701718
73,Ann Hurtado Line,medium,0.6863351437877672
74,Matt Harbeson Line,medium,0.2514671053605793
75,Jamie Miller Line,medium,0.5944266563434826
76,Thomas Phan Line,medium,0.298400257567975
77,Alba Dodge Line,short,0.1635155735707413
78,Cory Berry Line,short,0.4542582772833872
79,William Robinson Line,medium,0.4022011757871619
80,Wendell Todd Line,medium,0.4746424170904158
81,Erica Rose Line,medium,0.7578463027947016
82,William Alcorn Line,long,0.7453432091016254
83,Doug Park Line,medium,0.6710425896240966
84,Christopher Imoto Line,medium,0.4561186110764583
85,Marie Williams Line,short,0.3612852173985683
86,Matthew Dipasquale Line,long,0.8474161152743027
87,Murray Rosas Line,short,0.2319639496381101
88,Garnett Stowell Line,short,0.4920853042179083
89,Patricia White Line,medium,0.734508540688364
90,Veronica Mclain Line,medium,0.5661769685396472
91,David Stewart Line,short,0.3262842868641194
92,Felipa Burnham Line,long,0.5923351859615911
93,Lily Capaldi Line,long,0.9539463790348572
94,Huong Byrd Line,long,0.4568964268759157
95,Gail Mcdonald Line,long,0.9164876264339626
96,Nora Goodemote Line,medium,0.4695148679517293
97,Anna Markrof Line,long,0.6052554217568609
98,Melissa Dougherty Line,medium,0.3569352303971134
99,Jacob Winter Line,long,0.4142549041508185
100,Cathy Kio Line,long,0.8533164082480373
101,Stephen Taylor Line,short,0.2101784900785293
102,Mary Coleman Line,long,0.7936204740140711
103,Craig Perez Line,short,0.5445300398473305
104,Robert Brown Line,long,0.7543344109726808
105,Billy Hendricks Line,medium,0.4954316909173775
106,David Matthews Line,short,0.4025248253410103
107,Bobby Yanez Line,medium,0.7957472278562276
108,Roy Norton Line,short,0.50640975476787
109,Karla Thomas Line,short,0.3836541215735043
110,Steven Crain Line,long,0.4049078540312402
111,Rick Haigler Line,long,0.8741104515683346
112,Amanda Levine Line,medium,0.7232219491983403
113,Nicole Armstrong Line,medium,0.4225073441675688
114,Mary Davis Line,short,0.0531353345176135
115,Thomas Diaz Line,long,0.995537423874892
116,James Munger Line,long,0.4984013478408672
117,Robert Stremming Line,long,0.5304142846639183
118,Dennise Fiaschetti Line,long,0.882635445275028
119,Joseph Singleton Line,short,0.53534500027387
120,Donna Leahy Line,long,0.8211245267731608
121,William Davila Line,short,0.2425395089913589
122,Joyce Santana Line,long,0.9004200695488626
123,William Jewell Line,long,0.7556437249639827
124,Shelly Horvath Line,medium,0.2890460108450363
125,Glenn Campbell Line,short,0.5062225996432052
126,Diana Williams Line,medium,0.3892102414201819
127,Pauline Chavez Line,long,0.8878423273415913
128,Barbara Ladner Line,short,0.1376349251319946
129,Gwendolyn Pollick Line,short,0.3446907192642497
130,Mavis Starnes Line,medium,0.5360747598065436
131,Billie Hanna Line,long,0.7952074170354207
132,Ruth Buckner Line,short,0.2438267090696167
133,Grace Nimmons Line,long,0.8153333044573188
134,Wesley Stockstill Line,medium,0.3850142221207661
135,Denise Fox Line,medium,0.7075823311533649
136,Joyce Hamamoto Line,short,0.2559650194471935
137,Mario Eliott Line,long,0.5852593592745747
138,Marie Morrison Line,short,0.1208326620279412
139,Shawn Pangburn Line,long,0.8951342826268018
140,Harold Ware Line,long,0.6840639731389307
141,Rudy Garland Line,long,0.6294757286689308
142,Kyle Hooper Line,short,0.213730654173494
143,James Flournoy Line,medium,0.7914812726004807
144,Jennifer Schroeder Line,long,0.4553768177064956
145,Jennifer Mantini Line,medium,0.2357821582507561
146,Lydia Kerwood Line,long,0.7258055067498603
147,David Johnston Line,short,0.5883766500848849
148,Linda Spencer Line,long,0.4728452507841415
149,Kelley Payne Line,short,0.5740861064522261
150,Connie Brzozowski Line,long,0.4144937839617638
151,Angel Browne Line,short,0.0324392293230696
152,Lewis Nelson Line,long,0.983291715056588
153,Will Burnette Line,medium,0.6132626305666681
154,Christel Avans Line,long,0.9736049038094464
155,Barbara Laman Line,short,0.2220938925996215
156,Nadine Jardine Line,short,0.3663355126241547
157,Joel Johnson Line,long,0.9058695813006442
158,Lena Lin Line,long,0.4620635500973984
159,Megan Stuart Line,medium,0.6505046426912753
160,Michael Boney Line,medium,0.3320076638540112
161,Ben Etheredge Line,long,0.8479710491305186
162,Deborah Lehrke Line,medium,0.7263299016657996
163,Craig Boyer Line,long,0.7356066722536966
164,Donald Bowling Line,short,0.4223095688220585
165,Timothy Simm Line,short,0.4624832972655343
166,Syble Kuhr Line,short,0.4686454323701087
167,Joseph Stevenson Line,medium,0.2032732988374559
168,Alan Brock Line,short,0.2952600655835027
169,James Melton Line,medium,0.2302409419418276
170,Zella Harris Line,short,0.4868731744016317
171,Michael Karam Line,short,0.5944890733619705
172,Kenyatta Shavers Line,short,0.4365853051496932
173,Joni Mastin Line,long,0.8771512139350954
174,Dorothy Luker Line,short,0.5318810427820254
175,Robert Burke Line,short,0.1767295695699228
176,Jason Mayo Line,short,0.4322064778012838
177,Iris Hughes Line,medium,0.6377998082895264
178,Carlos Dodson Line,long,0.7357164726012111
179,Marsha Guajardo Line,long,0.400111286456613
180,Michael Jones Line,long,0.9233231261914024
181,Anna Williams Line,short,0.5635838013609147
182,Charlie Dean Line,long,0.7667961719833349
183,Amber Robinson Line,medium,0.5423777576927181
184,Angela Medovich Line,short,0.4030721016386286
185,Ella Hopkins Line,medium,0.5838327729820396
186,Mary Larson Line,medium,0.6080135456822734
187,Gilbert Finseth Line,short,0.227524034454332
188,Catherine Schmitz Line,short,0.5850791237464685
189,Kenneth Rodriguez Line,long,0.8112494199460712
190,Kenneth Church Line,long,0.936391174549952
191,Kelly Goldberg Line,medium,0.4694127871875839
192,Amber Green Line,medium,0.4431081231180948
193,Greg Peake Line,medium,0.2531542885788732
194,Frank Cherry Line,long,0.8237554672923586
195,Anthony Hill Line,short,0.2143838206413639
196,Michael Draper Line,long,0.8524856355992106
197,Robbie Milla Line,long,0.5975606467109426
198,Ramiro Newberry Line,short,0.3160153532376903
199,Julio Samela Line,short,0.338164586812537
200,Otis Owens Line,long,0.932439285636514
201,John Saska Line,short,0.2845040538319208
202,Kathryn Huff Line,medium,0.7781296935054718
203,Timothy Peltz Line,long,0.8944876644728781
204,George Bottoms Line,medium,0.2324027485237539
205,Thomas Edmondson Line,long,0.6054711628121711
206,John Beamon Line,short,0.5582466568489778
207,William Taylor Line,short,0.2113222666206205
208,Linda Parlin Line,long,0.5133971346778329
209,Jimmy Chapa Line,long,0.6729329272035334
210,Jessica Hollyfield Line,short,0.3290962486957651
211,Russell Seawright Line,medium,0.5650871327422373
212,Sandra Davis Line,medium,0.3474987021323891
213,Roy Cohen Line,long,0.8440974649952584
214,Anne Simmons Line,medium,0.2571467553277311
215,Joseph Hernandez Line,medium,0.3638183069816135
216,Harrison Bessick Line,long,0.6307157861187822
217,Ruby Dubiel Line,short,0.0300292679982525
218,John Gross Line,long,0.7531445812856148
219,Erik Mcsween Line,long,0.7482779387147107
220,Danielle Rechtzigel Line,medium,0.7013620959746243
221,Darline Goldberg Line,medium,0.7944737735864706
222,Judy Ferrel Line,long,0.91641151590053
223,Ann Blackmon Line,medium,0.6016933232071744
224,Damion Barnes Line,medium,0.7607260879966917
225,Robert Bergman Line,short,0.026004391300616
226,Julie Gilchrist Line,short,0.3278048036872145
227,Dena Battle Line,medium,0.7403138711262074
228,Juan Reinking Line,medium,0.2197557601255741
229,Jeannette Phillips Line,short,0.5093781981024192
230,Shannon Greene Line,short,0.2615248639249592
231,Mario West Line,long,0.4587519339030433
232,Jade Bowen Line,long,0.9860996736304736
233,Kevin Henry Line,long,0.9296569050932136
234,Mary Perez Line,medium,0.3735329928816693
235,Betty Kirby Line,short,0.3835297607550101
236,Amy Vieira Line,medium,0.6391617477452736
237,Joseph Mitchell Line,long,0.6584219085057303
238,Reba Noel Line,medium,0.3290767629231034
239,Carl Whapham Line,long,0.6295991686230284
240,Deborah Holloway Line,long,0.8805014698597731
241,Katherine Harris Line,short,0.2131740043933867
242,Donovan Tomasek Line,short,0.5034748496937117
243,Samuel Colley Line,short,0.2571757291307486
244,Timothy Rew Line,medium,0.6215188589554022
245,Lorretta Thompson Line,long,0.9004025068239928
246,Sonia Peterson Line,long,0.9076861528308218
247,Linda Doughty Line,long,0.8491849610494582
248,Anna Fulton Line,short,0.582798819569311
249,Jennifer Williams Line,short,0.0267622121422711
250,Valerie Bernal Line,short,0.4835611703194912
251,Harry Leach Line,medium,0.4282590595886998
252,Susanne Ho Line,long,0.8913807360298487
253,Arthur Williemae Line,long,0.8504408836802413
254,Sarah Castoe Line,medium,0.4212896495826517
255,Amanda Allen Line,short,0.4980982654859465
256,Michael Knudsen Line,long,0.8928309026195109
257,Pamela Redfield Line,short,0.5717547592758206
258,Angela Warren Line,medium,0.710531755852037
259,Mary Lane Line,short,0.1932161120562349
260,Mary Webster Line,short,0.2992939283706582
261,Ray Dunneback Line,short,0.1395621894347888
262,Priscilla Sanzo Line,short,0.0595364879206835
263,James Shackelford Line,short,0.4003285706217997
264,Walter Edrington Line,short,0.5391762590387507
265,Amanda Short Line,long,0.5051726356174133
266,Patricia Sands Line,medium,0.7050821092535939
267,Janet Faraone Line,medium,0.5479113605678874
268,Herminia Strohman Line,long,0.8342352761150862
269,Maria London Line,short,0.5885255581041497
270,Mary Baker Line,long,0.4634363704284667
271,Richard Smith Line,medium,0.7796470251049481
272,James Estep Line,medium,0.7731640535500832
273,Gabriel Street Line,short,0.5716925926306052
274,Robert Stenger Line,short,0.5182792660638225
275,Thomas Summy Line,long,0.853959550092964
276,David Cantua Line,short,0.112229913929796
277,Joshua Cronan Line,medium,0.5983730515688411
278,Lawrence Wahid Line,medium,0.3258935299207503
279,Joseph Bowen Line,long,0.877660984338656
280,David Manville Line,long,0.5079228742125147
281,James Johnson Line,medium,0.6543029872474014
282,Luz Hardee Line,long,0.982414831298688
283,Juanita Richardson Line,medium,0.5178298488906705
284,Bernard Willier Line,medium,0.5187505893751934
285,Kathleen Ruffin Line,short,0.5852507871752486
286,Brian Stevens Line,medium,0.6856956617448666
287,Herbert Cipkowski Line,long,0.5651638466805303
288,Larry Tindol Line,long,0.6410914534082458
289,Holly Henning Line,long,0.8827440092028819
290,John Blair Line,short,0.5088121154858457
291,Kenneth Monk Line,long,0.6556499878657479
292,Louis Santos Line,medium,0.6518514939431055
293,Juliana Martinez Line,medium,0.2106334071436119
294,Wendy Hammel Line,long,0.9940675325074576
295,Mary Youmans Line,medium,0.727603479051385
296,Claire Harp Line,short,0.5443055352325745
297,Deloris Workman Line,short,0.1944538920689377
298,Joseph Rappa Line,short,0.412296247007747
299,Carol Mccarthy Line,long,0.7169005579826375
300,Michelle Stamps Line,medium,0.5300628320355609
301,Shawna Bowell Line,long,0.8171662139513229
302,Thomas Moore Line,medium,0.7674940616204797
303,William Stafford Line,long,0.4605775494267689
304,Leah Espino Line,medium,0.5782554389684151
305,Chase Singleton Line,short,0.2229878156171211
306,Michael Caudell Line,medium,0.5826675437514501
307,Phillip Elmore Line,medium,0.7291199185223096
308,Michael Booth Line,long,0.7707418770304708
309,Ronald Koch Line,medium,0.694519552503619
310,Thomas Griffies Line,long,0.7283472469635399
311,John Burke Line,short,0.2785565609199747
312,Karena Taylor Line,medium,0.4783606277555093
313,Sean Hixon Line,long,0.7460727955191211
314,Robert Lucas Line,short,0.5835968585966002
315,Teresa Choy Line,short,0.4439045545675132
316,William Kerns Line,long,0.683606542951734
317,Elizabeth Brittingham Line,short,0.4550457301806694
318,Donald Bennett Line,medium,0.4502575203176716
319,Keri Jaramillo Line,short,0.1058780383271647
320,Cruz Snellen Line,long,0.5158152041171316
321,Tina Hernandez Line,medium,0.5736974582550122
322,Maria Schmitt Line,medium,0.6998598785019534
323,Eleanore Mccorkle Line,short,0.4288401779679242
324,Mary Bond Line,medium,0.2315033012983994
325,Carleen Owens Line,medium,0.2725844665119792
326,Jeanetta Osborne Line,short,0.2676747159140687
327,Marsha Boyd Line,short,0.4202377543772189
328,Bonnie Brady Line,long,0.9228810976273666
329,James Schreckengost Line,long,0.5873999416842599
330,Marco Jones Line,short,0.1799027349952367
331,Carol Weber Line,medium,0.5255113177076445
332,Mary Bousquet Line,medium,0.3020357629827293
333,Mary Diaz Line,medium,0.5441127669669931
334,Trevor Fawcett Line,medium,0.376165910354484
335,James Padilla Line,short,0.3651193490275261
336,James Mugleston Line,medium,0.6679583177352064
337,Marianne Jennings Line,long,0.7836869768618675
338,Jerry Lattimore Line,long,0.6883322087413244
339,Amanda Johnson Line,medium,0.4260657688137448
340,Patricia Alderman Line,medium,0.4511363032744213
341,Deana Markovich Line,medium,0.5169059136216336
342,Pamela Sawyer Line,medium,0.7329069927558733
343,Edmund Brock Line,short,0.0190675169813853
344,Philip Tello Line,medium,0.507799024908844
345,Carol Chacon Line,long,0.5309131318490472
346,Hugo Dunham Line,long,0.6187166272757391
347,Scott Swindle Line,short,0.1019344845293946
348,Tanya Weldon Line,long,0.7381320670201658
349,Shirley Quillen Line,long,0.7084176629556372
350,Monica Heyd Line,long,0.8820568486273972
351,Willard Spry Line,medium,0.4663459245285417
352,Laurie Drozd Line,short,0.0792173071428088
353,Richard Roberts Line,medium,0.3199692590579517
354,Theresa Keith Line,short,0.2678868058830609
355,Yvonne Forte Line,long,0.8351825066800518
356,Larry Morago Line,long,0.7275213181406237
357,Betty Cahall Line,long,0.5665143306941834
358,Alice Castro Line,long,0.5753303243551006
359,Colleen Combes Line,short,0.4964806969560598
360,Ian Rennels Line,medium,0.6766165340637138
361,John Streicher Line,long,0.613666451045539
362,Sharon Hardin Line,medium,0.7609132883416119
363,Mirna Warren Line,long,0.9381691813738738
364,Crystal Griffith Line,medium,0.7102215805073171
365,Karen Hampton Line,short,0.1123077406816203
366,Geraldine Boyd Line,medium,0.628021488670371
367,Tyson Goldsmith Line,long,0.846303911247321
368,Bobbie Frazier Line,long,0.6021838960988153
369,Gloria Villatoro Line,long,0.9084347088175806
370,Shirley Shaw Line,short,0.5411522431108543
371,Marsha Epps Line,short,0.5885335931328858
372,Armando Stinchfield Line,short,0.4076090352191577
373,Lloyd Stewart Line,medium,0.7091324636733058
374,Marianne Flenard Line,medium,0.3766758075406013
375,Grace Strohmeyer Line,medium,0.4660215204138792
376,James Litton Line,medium,0.6503404186441899
377,Gladys Hall Line,short,0.0786048644616954
378,Jeffrey Waller Line,short,0.3967993079690848
379,Grace Colley Line,long,0.644222676249203
380,Scott Declue Line,short,0.3188700574383845
381,Christopher Hathaway Line,short,0.442893034026221
382,Hugh Pale Line,long,0.6121354575394979
383,Beverly Gumpert Line,long,0.8001538656020544
384,Yong Ellingham Line,long,0.853816515129042
385,Amelia Lall Line,medium,0.5788774077718928
386,Walter Fleshman Line,short,0.1485683584141443
387,Ralph Wizar Line,long,0.6904801455619397
388,Sandy Buonocore Line,long,0.4645019006206513
389,Jennifer Vannote Line,short,0.475178337945871
390,Deborah Howard Line,short,0.2695609627937155
391,Elizabeth Tarver Line,long,0.4183132777956085
392,Garrett Wilson Line,medium,0.3228388705132273
393,Charles Bayne Line,long,0.9648230683043736
394,Martha Harpin Line,medium,0.7470505041569624
395,Katrice Olds Line,medium,0.2911905534166201
396,Harvey Heinz Line,short,0.0986000030805332
397,John Babbitt Line,short,0.0411112335652062
398,Charles Mcculla Line,medium,0.3471510704871132
399,Terrie Wood Line,medium,0.5360037506498408
400,Victor Westmark Line,short,0.0725052567948865
401,Richard Wyatt Line,short,0.1089788320914198
402,Willis Anderson Line,short,0.0698429402853751
403,Janet Gonzales Line,medium,0.2702145229486737
404,Kenneth Tomasi Line,short,0.2828639208847407
405,Pablo Tucker Line,long,0.4453269963203183
406,Patricia Paul Line,short,0.4215651055207491
407,Norman Robinson Line,medium,0.358609374429789
408,Carol Davis Line,medium,0.4061407976026062
409,Douglas Worley Line,long,0.4738441459180161
410,Kenneth Kuss Line,short,0.4480168970146035
411,Christopher Marsh Line,short,0.4701154389024881
412,Jessica Polk Line,short,0.0589441539444749
413,David Richmond Line,short,0.587775657672288
414,Sergio Strong Line,short,0.243295304123971
415,Madeline Atkins Line,short,0.1291434147520489
416,James Weaver Line,long,0.6895070874183837
417,Katie Duckett Line,short,0.4494517173564222
418,Charles Yoho Line,short,0.0704171284140789
419,Lynell Hoover Line,long,0.5718296688199881
420,Carolynn Johnson Line,medium,0.6451652235498431
421,Bret Carlton Line,long,0.8788143289378529
422,Mark Wilks Line,medium,0.6522374478668389
423,George Williams Line,medium,0.66797834175537
424,Gordon Cable Line,medium,0.7050802317020539
425,Dorothy Melton Line,long,0.9261002726219992
426,Myrtle Lord Line,medium,0.556412748645683
427,Barbara Napoli Line,short,0.1779022965678963
428,Joanne Jones Line,medium,0.5058839188714449
429,Edward Little Line,long,0.921344797449989
430,Evelyn Mathis Line,medium,0.6810898398603668
431,Omer Reeves Line,medium,0.3213034727013963
432,Joseph Cleckler Line,short,0.1659185881158058
433,Timothy Taylor Line,short,0.5029441856381475
434,Gail Hatch Line,long,0.6055572082695598
435,Richard Delrio Line,short,0.3803191598927459
436,Michael Creveling Line,long,0.7929098830382366
437,Virginia Kim Line,medium,0.2933992131421534
438,Cecil Foster Line,short,0.3500737694887912
439,Jamie Rosamond Line,long,0.5366987990250797
440,Adalberto Rigel Line,short,0.2615342903662335
441,Daniel Aponte Line,medium,0.7619723794125133
442,Javier Bankard Line,medium,0.4260837405745246
443,Lorraine Childress Line,long,0.5203066173224042
444,Steve Aman Line,long,0.5936003237208806
445,Betty Wales Line,medium,0.2413094403906656
446,Dorothy Yurko Line,short,0.361541565401313
447,Wayne Fehling Line,long,0.5254434569263646
448,Grady Foreman Line,long,0.8384546394372255
449,Kathleen Goodwin Line,medium,0.7533680749318357
450,Michael Durant Line,medium,0.5963504637144432
451,Catherine Husk Line,short,0.4073188744255324
452,Andrew Pardue Line,long,0.7680022123986328
453,Christina Tardiff Line,medium,0.7680772934231113
454,Floyd Chessman Line,short,0.1446471550855217
455,George Holley Line,short,0.421966201249314
456,Ruth Raschke Line,short,0.5974545714495357
457,Wendy Obryant Line,medium,0.3727745223600537
458,Frank Huggins Line,medium,0.7448220221213178
459,Mae Lowe Line,short,0.4311234645805633
460,Christopher Porter Line,long,0.8225210170116304
461,Michelle Bohannon Line,short,0.0760642678303855
462,Halina White Line,short,0.5552703788953198
463,Charles Duff Line,medium,0.7316601869316934
464,Helen Shackley Line,long,0.9808384327008082
465,Natasha Marini Line,long,0.7073627256819804
466,Richard Bien Line,short,0.0955485365810942
467,Bernita Lees Line,medium,0.4666655927450381
468,Yanira Rutherford Line,long,0.9047793078916486
469,Randy Stevens Line,short,0.4285904860267761
470,Kristie Adams Line,long,0.9840474689440118
471,Philip Lelacheur Line,medium,0.3421287171788914
472,Angelina Fletcher Line,short,0.0461939080864876
473,William Campbell Line,long,0.5276774185664905
474,Elma Izquierdo Line,medium,0.361609103386568
475,Caryn Perez Line,medium,0.5044076077482076
476,Willard Combs Line,long,0.9657153684391308
477,Bette Mowen Line,short,0.0423039197213972
478,William Wenk Line,long,0.8665010189622835
479,Gayla Griffin Line,medium,0.4244993204970975
480,Minnie Herman Line,long,0.8083720079075811
481,Noelia Diaz Line,long,0.4774972658648714
482,Jesse Morabito Line,short,0.5134820632510262
483,David Lawary Line,short,0.4461088015979757
484,Gregory Schumann Line,medium,0.3900784953170885
485,Kathryn Nelson Line,short,0.2208031132577994
486,Marcella Rogers Line,long,0.8773052059254726
487,Velma Richard Line,long,0.993478540958908
488,Rhonda Hunter Line,medium,0.4195070896677878
489,Michael Linares Line,short,0.4227442855142885
490,John Brown Line,long,0.5311991270887051
491,Joshua Bryant Line,short,0.1228084519418186
492,Larry Seeley Line,short,0.3768888383855469
493,Matthew Atkins Line,short,0.1454674951725318
494,Hilary Murdoch Line,long,0.5691078090012931
495,Warren Stoner Line,short,0.2736013585681708
496,Mildred Charlton Line,long,0.8744418044065754
497,Jose Mendoza Line,medium,0.4082176538829302
498,James Merrick Line,long,0.5367080771639862
499,Joshua Cully Line,medium,0.2708665272531914
500,Mary Estrada Line,long,0.5876641107960737
501,James Penn Line,short,0.3849357568564633
502,Tammie Lomas Line,short,0.2013500399863071
503,Jason Stephens Line,medium,0.6451798731102212
504,Norma Hopkins Line,medium,0.2685725706246163
505,Martha Platt Line,medium,0.5029015042017533
506,Dennis Trimarchi Line,short,0.007010502903476
507,Peter Maust Line,short,0.562215312485234
508,Bettie Whyte Line,medium,0.5673909210638821
509,Harland Carrizales Line,short,0.303125932944651
510,Andrew Welch Line,long,0.4046767069132838
511,Sandra Parson Line,medium,0.6077164359666919
512,Marcus Davis Line,medium,0.4887316887356663
513,James Alexander Line,short,0.0726564172750387
514,Clifford Hildebrand Line,long,0.9545118849892928
515,Gerald Branch Line,medium,0.775566846168126
516,Rita Steen Line,short,0.3920725971564711
517,John Lohman Line,medium,0.7327605440666025
518,James Roundtree Line,short,0.5071307772351336
519,Linda Wyant Line,medium,0.3337168663823094
520,Carl Gagnon Line,short,0.4306164139829488
521,Karen Rios Line,medium,0.7513851535037437
522,Jesus Rivera Line,medium,0.2013353244173626
523,Jessie Varley Line,short,0.1831376250956304
524,Martha Bates Line,medium,0.7135842531875558
525,Kimberly Smith Line,medium,0.5527837935572479
526,Alice Fairbairn Line,long,0.5525149887861708
527,Larry Stephan Line,short,0.3501801369520985
528,Harry Wilson Line,short,0.5940646648460796
529,Monica Dignan Line,medium,0.6255013014196585
530,Carmela Moore Line,long,0.4657010966503724
531,Jennifer Henson Line,medium,0.4012541228797856
532,Denise Roush Line,long,0.6146215173940828
533,Floyd Merritt Line,medium,0.4230455207860896
534,James Shankle Line,short,0.5587817644344593
535,Joseph Fisk Line,short,0.0575555039307139
536,Robert Thompson Line,medium,0.5201921102435625
537,Benjamin Cockrell Line,medium,0.4117442962567843
538,Geraldine Perez Line,long,0.7267105090198237
539,Sommer Tyree Line,medium,0.406800242765639
540,Kathleen Lee Line,medium,0.2976713353378298
541,Brandon Cahoon Line,medium,0.3605328282876323
542,James Jones Line,short,0.0072429023825958
543,James Conley Line,short,0.305547062105243
544,Margaret Belanger Line,short,0.3967441754859608
545,Moses Labree Line,medium,0.264376575137677
546,William Monterroso Line,short,0.5107328830494939
547,Dannielle Pines Line,medium,0.7773080877774803
548,Donald Washington Line,medium,0.5783103498977602
549,Helen Naegeli Line,medium,0.5353452406433661
550,Ronald King Line,medium,0.4788041467963318
551,Anna Teasley Line,short,0.5673814507320142
552,Max Kennedy Line,short,0.1794585334897902
553,Misty Porter Line,long,0.6943527505242659
554,Jimmy Courtney Line,short,0.5633746124401032
555,Louis Miller Line,short,0.2557333821424682
556,Boyd Gaytan Line,short,0.0090730238841743
557,Christopher Scharfenberg Line,medium,0.7702142939021275
558,Becky Borland Line,medium,0.3321910044708059
559,Scott Hollingsworth Line,long,0.8664435913977521
560,Joanne Randles Line,short,0.2386985118239768
561,Jeanine Whitfield Line,long,0.4881794214172142
562,Jacqueline Sartin Line,short,0.5890450866697697
563,Judy Breunig Line,medium,0.5274836592715456
564,Richard Galvan Line,long,0.7133844462271681
565,Bambi Bachman Line,long,0.7683882441317699
566,Kurt Woods Line,short,0.1258012246631192
567,Daphne Shannon Line,medium,0.4648844930354472
568,Sam Mckinnon Line,short,0.3993611806803085
569,Miguel Gonzalez Line,long,0.7529947510513639
570,Geneva Pace Line,short,0.1015385302020511
571,Etta Aiken Line,medium,0.4590615696784565
572,Susan Gonzalez Line,short,0.3213455686392363
573,Roger Jones Line,medium,0.5013735920809435
574,Rhonda Klena Line,short,0.2033227657260011
575,Delores Yeiser Line,short,0.1226152991038318
576,Eric Baker Line,medium,0.7399556300437653
577,Jessica Emery Line,medium,0.5414390212224893
578,Alyssa Moore Line,short,0.0727125480505853
579,Shirley Thompson Line,long,0.4843241937423942
580,Robert Washington Line,medium,0.6674812917198452
581,Christian Miller Line,long,0.6190653534146358
582,Charles Robinson Line,long,0.7868101005098951
583,Rachel Gentry Line,medium,0.704532340891902
584,Justin Murphy Line,short,0.0451033146489867
585,Ali Stevens Line,short,0.5472222097044968
586,Brian Peralta Line,long,0.4256549417980141
587,Maxwell Blaylock Line,medium,0.3813363993331129
588,Ronnie Demarino Line,medium,0.2533336794355432
589,Howard Vandeusen Line,short,0.0579709707125372
590,Christa Trudeau Line,long,0.6376308842623566
591,Peggy Anderson Line,medium,0.2958912356868398
592,Patricia Bencomo Line,medium,0.3196176983468488
593,Wayne Billings Line,short,0.1653413454874856
594,Richard Budd Line,long,0.4464506929272421
595,Angelica Lin Line,short,0.4915621223423518
596,Lisa Burgess Line,short,0.2224038200714358
597,Eric Diaz Line,medium,0.5104070761628394
598,Christopher Potts Line,medium,0.62268189988863
599,Rigoberto Tomsic Line,long,0.8303565479478723
600,Homer Schneider Line,medium,0.5434980137315475
601,Kelly Tratar Line,short,0.4058524249327768
602,Patricia Walton Line,medium,0.7771994452837452
603,Dorothy Burnett Line,medium,0.2823082035777709
604,William Patterson Line,medium,0.6225497308133788
605,James Vasquez Line,short,0.1399960662960503
606,Sarah Greene Line,long,0.9282249185019132
607,Martin Barrington Line,short,0.3732506285959243
608,Dottie White Line,long,0.9740565847985582
609,Kenneth Haith Line,short,0.3015394108831165
610,Elizabeth Aguilar Line,medium,0.6927488071974593
611,Eunice Kusel Line,medium,0.2706893694954501
612,Katherine Hernandez Line,long,0.5089755573532305
613,Beverly Fierro Line,medium,0.7080242630409923
614,James Roman Line,short,0.0338218269165204
615,Daniel Daniels Line,medium,0.5552810832958424
616,Sean Edison Line,long,0.4697356575161291
617,Edward Lathrop Line,long,0.7983277214701032
618,Milda Madigan Line,medium,0.5408482203178244
619,Rachel Colon Line,long,0.9884528090083544
620,Pilar Catapano Line,long,0.6795635885494984
621,Daisy Corbett Line,short,0.1574481856112638
622,Lisa Medina Line,long,0.5824182423563383
623,Sharon Dipietro Line,long,0.7189980230668108
624,Olive Andersen Line,medium,0.2531871509321587
625,Blanca Becker Line,medium,0.254863103668919
626,Justin Miller Line,long,0.914508687646523
627,Donald Burlock Line,short,0.4402762556647218
628,Marvin Hatcher Line,long,0.5918641625767769
629,Willie Caviness Line,long,0.9014561809612976
630,Donald Mateo Line,short,0.5180345355946275
631,Bonnie Coates Line,medium,0.7411000315684726
632,James Moreno Line,long,0.4896568145694055
633,Herman Mccard Line,medium,0.5528431050356077
634,Oscar Krohn Line,long,0.6412832026703198
635,Frank Crawford Line,medium,0.3058173599962209
636,Peter Stam Line,long,0.4444868574434204
637,George Butt Line,long,0.4012479169776587
638,Mary Gibson Line,long,0.8417545199439892
639,Eliana Bostian Line,long,0.8945156853700017
640,George Marchman Line,short,0.3384905190246006
641,Catherine Andrews Line,short,0.1858791086532343
642,Phuong Keith Line,long,0.8261076410053569
643,Richard Dennis Line,medium,0.7233036012782805
644,Christopher Garcia Line,long,0.7330533167933035
645,Mary Duarte Line,long,0.6032900744968629
646,Glenn Squines Line,short,0.3669591289636781
647,Jessica Riherd Line,short,0.3323659976613189
648,Mary Pena Line,long,0.6584572455966062
649,Monica Mckinney Line,long,0.4928701425287004
650,Kelvin Koester Line,medium,0.2660322733823332
651,Christopher Berry Line,short,0.2810135776189206
652,Sherry Karow Line,short,0.3255646598113148
653,Joanne Whittington Line,short,0.067781995035813
654,Kathyrn Bixler Line,medium,0.5624681484410595
655,Young White Line,medium,0.2495298078890611
656,Derrick Peterson Line,short,0.584929597204665
657,Gwen White Line,long,0.6769417194039341
658,William Anderson Line,long,0.7454324701282404
659,Nettie Howard Line,medium,0.704530098436216
660,Josephine Phillips Line,long,0.4586485671815926
661,Terrance Woodard Line,short,0.2048581404870043
662,Nancy Rich Line,long,0.4794184554666924
663,Jerri Kosloski Line,medium,0.5984672200280863
664,Vicky Pajtas Line,medium,0.7119951020019935
665,Felicia Fulcher Line,long,0.5340771686614569
666,Rachel Mendoza Line,short,0.4663732757243791
667,George Wooten Line,medium,0.7460572399858356
668,Rudolph Chittum Line,medium,0.3028943764063874
669,Marjorie Jackson Line,medium,0.2042357748993354
670,Tim Barnhill Line,medium,0.6932575045306073
671,Wendy Godfrey Line,medium,0.4049367650483167
672,Richard English Line,medium,0.4452610500214771
673,Richard Clifton Line,medium,0.5878539623275669
674,Anne Wilson Line,medium,0.4074031697925927
675,Elizabeth Smith Line,long,0.9388997349684056
676,Christie Fretwell Line,short,0.2540820097606502
677,Sally Hall Line,short,0.2101703492200955
678,Joseph Morales Line,long,0.937296845366644
679,Lucia Smither Line,short,0.0116762727738543
680,Thomas Scott Line,long,0.6785249199275
681,Lonnie Naron Line,short,0.0551506555007445
682,Tracey Ward Line,medium,0.648402475267934
683,Howard Hartzler Line,long,0.6293536742302387
684,Joel Williams Line,long,0.7291355463230695
685,Jean Biros Line,long,0.4978985608235762
686,Heidi Hemmer Line,short,0.0398791413119656
687,Peter Mcgowan Line,medium,0.3894674253084928
688,Richard Baker Line,long,0.9270194517651332
689,Michael Williams Line,short,0.5792484953981163
690,Antoinette Guptill Line,short,0.5818142911989233
691,John Fisher Line,medium,0.6523594407537681
692,Ellis Dolan Line,short,0.3181584585493842
693,Michael Sims Line,short,0.0023289957366204
694,Dennis Jones Line,long,0.6296668294426653
695,Kelly Russell Line,short,0.40638509664403
696,Armando Wright Line,medium,0.5575222903297047
697,Darren Hewett Line,medium,0.3750613680284628
698,Curt Cuellar Line,medium,0.4926578287865085
699,Nicholas Futch Line,medium,0.6609085763061227
700,Shane Tennant Line,long,0.9848679420262196
701,Sammy Nolan Line,medium,0.6259024446135806
702,Paul Mahoney Line,short,0.5823511447846167
703,Barry Vargo Line,long,0.8251520800068466
704,Beverly Ortiz Line,long,0.6759014620100281
705,Clifford Dodgen Line,long,0.5128832286411631
706,Mark Greenfield Line,long,0.7681105426555075
707,Deborah Castro Line,long,0.5946785250801516
708,Bette Wronski Line,long,0.5814185341146892
709,Bradley Pavlovic Line,medium,0.4520189197855395
710,Clara Fisk Line,short,0.2112371201293969
711,June Roades Line,long,0.4372967929474579
712,Patricia Chittum Line,short,0.0819234107884904
713,Norma Moh Line,medium,0.2781060122415603
714,Vanessa Joffrion Line,short,0.0091933316483006
715,Maria Aguila Line,medium,0.2790795967318573
716,Jesse Riley Line,medium,0.4631040740313101
717,Gwendolyn Delorenzo Line,short,0.2422287704387125
718,Claudette Slone Line,short,0.1987511788363417
719,Betty Butler Line,short,0.0465011433113178
720,John Pena Line,short,0.5813969621207664
721,James Zajac Line,short,0.4849231315978624
722,Emma Mcclintock Line,medium,0.6982342593761974
723,Gerald Lackey Line,short,0.3057539083802637
724,James Fox Line,medium,0.479288233828043
725,Grace Felps Line,medium,0.6392804270265866
726,William Sandidge Line,long,0.9245002962691916
727,Tyler Jourdan Line,long,0.4813044946585393
728,Mark Bruner Line,short,0.3487195985058875
729,Diana Huszar Line,short,0.5156491915391342
730,Angie Christensen Line,medium,0.265741095845998
731,Cherise Hansen Line,short,0.1322018539068736
732,Linda Chow Line,short,0.062340991862132
733,Rene Moreno Line,medium,0.7764786939310848
734,Jesse Walton Line,medium,0.2813897873311304
735,Felton Mader Line,long,0.9113038539147962
736,Angela Deboard Line,short,0.2085982285792737
737,Herbert Lunn Line,medium,0.4369305903167307
738,Stanley Mccormick Line,long,0.5816890015949068
739,Edith Ortega Line,long,0.8533923149996565
740,Fred Cummings Line,long,0.5062735570770549
741,Lawrence Hernandez Line,short,0.421646596324552
742,David Bustos Line,long,0.736245905810597
743,Clark Loggains Line,long,0.6836040627932825
744,Anthony Harris Line,medium,0.3572545415515126
745,Christine Johnson Line,medium,0.5925460564302427
746,Jennifer Isaacson Line,medium,0.2956048787613672
747,Tina Thomas Line,medium,0.2080497411382066
748,Harold Madrid Line,long,0.5636260071287509
749,Ruth Wilson Line,short,0.2627325075254943
750,Margret Robertson Line,short,0.1381285741621516
751,David Mikasa Line,short,0.290022577793727
752,Blanche Jones Line,medium,0.4477767177379147
753,Alma Melton Line,short,0.5912504952195569
754,Elena Hopping Line,short,0.0222929140541278
755,David Miller Line,long,0.4260750459869525
756,Emily Wilson Line,medium,0.7540451952247964
757,Michael Harris Line,medium,0.7976651764131477
758,Lillie Jacome Line,long,0.8067574681597183
759,Myrtle Smith Line,medium,0.3529067490402595
760,Kenneth Cobb Line,medium,0.7863399429674842
761,Ruben Streeter Line,long,0.6155461286190802
762,Carlota Finney Line,medium,0.4813886150032302
763,Kathleen Herman Line,medium,0.2249561318489919
764,Rose Burgess Line,short,0.116850842552186
765,Michael Fairley Line,long,0.98119252975354
766,Janine Reyes Line,long,0.5433003204187054
767,Emma Guinn Line,long,0.8891802217154079
768,Lance Joubert Line,short,0.0249407216506648
769,Fannie Tran Line,medium,0.3422172706373308
770,Carol Olivarez Line,short,0.1689043565756069
771,Elizabeth Lewis Line,medium,0.296103807337846
772,Kathleen Balk Line,medium,0.5456158759788607
773,Iola Moline Line,short,0.3052709939816961
774,Luz Trappey Line,short,0.4790167339877129
775,Christina Etienne Line,medium,0.6489271211062877
776,Mona Nunamaker Line,long,0.696324970809195
777,Lloyd Woods Line,short,0.2152446400594215
778,Helen Armstrong Line,short,0.1486487547250153
779,Rebecca James Line,medium,0.7679056964866695
780,Alice Oleary Line,medium,0.2663662431984706
781,Consuelo Rhoades Line,long,0.9791070723837668
782,John Lanham Line,medium,0.7775721821386059
783,Herman Cintron Line,medium,0.7655169434480651
784,Marjorie Hope Line,short,0.3745386783163261
785,Brian Breeden Line,medium,0.4379689890287888
786,Marion Stark Line,medium,0.2318278986050098
787,Ann Warren Line,long,0.9571948252149952
788,Catherine Beale Line,long,0.7640026229625776
789,Mary Jauregui Line,short,0.5417523843042742
790,Joseph Manley Line,short,0.3195948419566795
791,James Bassi Line,medium,0.245477015184738
792,Dortha Francis Line,long,0.5800198405297012
793,Brian Marlowe Line,short,0.3269265165190578
794,Cindy Shannon Line,short,0.2230221344995346
795,Brock Wells Line,long,0.5205515227891658
796,Toccara Morris Line,long,0.834026936497966
797,Vanessa Carter Line,medium,0.3019922216309142
798,Maria Morrison Line,medium,0.2848864619695628
799,Michael Shippy Line,medium,0.7233094571077545
800,Peter Rothenbach Line,medium,0.7179628795232025
801,Betty Calhoun Line,medium,0.485611300406587
802,Fay Goins Line,medium,0.5978964868012115
803,Lina Salimi Line,long,0.5496686373565227
804,Charles Mcdonald Line,medium,0.6302647282715279
805,Rose Tapia Line,long,0.5796978686769334
806,Larry Obrian Line,medium,0.4252549667354743
807,Natalie Ragin Line,medium,0.5940305403231432
808,Bonnie Garcia Line,short,0.2003370557517754
809,Joann Baumeister Line,medium,0.357255372861646
810,Roseann Kight Line,medium,0.7796691742110231
811,Michael Whorton Line,long,0.8665354728295158
812,Leland Erickson Line,long,0.6364046982107584
813,Sharonda Perez Line,short,0.2175061980921765
814,Sandra Watkins Line,short,0.2293581775372468
815,Joseph Streiff Line,short,0.3435400918794253
816,Jennifer Rowe Line,short,0.5409576050132657
817,Todd Roger Line,short,0.0574260470204264
818,Brenda Rush Line,short,0.2092023210297831
819,Juan Heady Line,medium,0.2206998972821411
820,Reginald Chattin Line,short,0.4518652943676254
821,Harold Rast Line,long,0.5040191656571844
822,Jody Thayer Line,medium,0.2816097976490767
823,Melvin Kellogg Line,medium,0.2917359244530561
824,Alan Bush Line,short,0.1167253702631419
825,Loren Woolfolk Line,long,0.4670789231542478
826,Alita Huston Line,long,0.9229642927068272
827,Edward David Line,medium,0.2975245680213591
828,Billie Olsen Line,long,0.6383863908305313
829,Dustin Brumfield Line,medium,0.3046671942123227
830,Janis Roye Line,long,0.8880619843126284
831,Amelia Mendenhall Line,short,0.3152280700255963
832,James Young Line,medium,0.5352714026180654
833,Norman Blough Line,medium,0.4211215250826289
834,Michael Mcclellan Line,medium,0.7438499705220618
835,Azalee Reynolds Line,medium,0.3316264245978444
836,Lois Dennison Line,medium,0.3491771310533488
837,Odessa Jordan Line,medium,0.4302532132557061
838,Brian Castillo Line,medium,0.4238619574355898
839,Jenny Asante Line,medium,0.5937219390447797
840,Dee Lavender Line,short,0.1058946498979386
841,Mark Blakely Line,long,0.569389551801103
842,James Stark Line,long,0.8398734661657046
843,Josephine Holohan Line,long,0.4706624204307009
844,James Moore Line,long,0.6650813603453448
845,April Williams Line,short,0.2894112122319123
846,Clinton Jordan Line,long,0.6610830015962124
847,William Condict Line,long,0.875492706455526
848,John Shafer Line,long,0.7138439570680444
849,Rodney Waid Line,medium,0.3859408140386102
850,Gina Davis Line,short,0.1383411681261133
851,Russell Sault Line,medium,0.3321726946101933
852,Janie Garrison Line,long,0.8309875518384351
853,Craig Simmons Line,short,0.2365417757995947
854,Tony Jackson Line,long,0.8083700967051546
855,Michael Parrish Line,long,0.7140964932320985
856,Yvonne Cobb Line,long,0.5885085408740449
857,Dorothy Hyde Line,long,0.9840328387496244
858,Mary Dalton Line,short,0.5536420665909978
859,Kelli White Line,short,0.4486245036194604
860,Marcelina Mason Line,long,0.6564413685347869
861,Hugh Gibney Line,long,0.932400858092406
862,Anthony Carter Line,short,0.4001103526556154
863,Marjorie Farrell Line,short,0.1803209579410056
864,Maria Bearman Line,long,0.7481131644246328
865,Andrew Toon Line,short,0.5501577226471694
866,Lauren Griffin Line,long,0.5452870803299414
867,Doris Land Line,long,0.9793937157943472
868,Bradley Harvey Line,medium,0.5621165036318416
869,Bobby Washington Line,medium,0.7338889837824407
870,Shauna Erlewine Line,short,0.5497650210161446
871,Albert Parker Line,medium,0.2137481040492712
872,Virginia Martinez Line,long,0.9691958680532284
873,Timothy Macdonald Line,long,0.7213112227938718
874,Sherry John Line,short,0.4907643368195509
875,Carlton Castillo Line,long,0.5014754670931114
876,Diana Walsh Line,long,0.5880460406172184
877,Heather Summer Line,short,0.2224161216139876
878,Mary Robinson Line,long,0.9236927864776048
879,Maria Douglas Line,medium,0.5309023626571714
880,Rhonda Washington Line,medium,0.6367918693049094
881,Caroline Cantwell Line,medium,0.4578830230721283
882,Micheal Colon Line,short,0.389971358556815
883,Elisa Hannigan Line,medium,0.5269701776851117
884,John Joyce Line,short,0.1790978956450846
885,Debra White Line,short,0.2355763205750347
886,Lisa Wilson Line,medium,0.634837125767896
887,Mark Blandon Line,long,0.510922235903445
888,Ronald Harris Line,long,0.8447585293288324
889,Edward Reyes Line,long,0.594873193538149
890,Billy Cordero Line,short,0.3090101415542519
891,Kurt Ball Line,short,0.0927656066234055
892,Robert Stuart Line,long,0.4302032376863945
893,Alejandrina Hunter Line,short,0.4909819465328885
894,Frederick Tweed Line,long,0.5165450997248521
895,Katherine Bonner Line,medium,0.4488781869124484
896,Joann Link Line,long,0.4488996509051812
897,Kenneth Carter Line,long,0.5061742075335918
898,Richard Patterson Line,short,0.4482963936222472
899,Kerri Andrews Line,long,0.5490892626082607
900,Donald Bloxham Line,medium,0.4312204249576379
901,Elmer Hoobler Line,short,0.3668467820708312
902,Lisa Corriveau Line,short,0.4268869072198074
903,John Auckerman Line,medium,0.5720440559088932
904,Duane Bell Line,medium,0.5944694001207136
905,Mildred Bohlke Line,long,0.8393995536695238
906,Lisa Young Line,medium,0.4825662122420782
907,Robert Gonzalez Line,short,0.2735829222780919
908,Lisa Bollman Line,medium,0.6759044141409607
909,Andy Harris Line,long,0.967496358711022
910,Brian Gutierrez Line,medium,0.7965688408518388
911,Willard Mirando Line,long,0.7614023919432522
912,Judy Sudderth Line,long,0.9023351718117548
913,Raymond Park Line,medium,0.4024525697062971
914,Tracy Flatt Line,medium,0.7585969964342709
915,Michael Adams Line,short,0.0476502305794809
916,Scott Sofranko Line,long,0.9613072881103352
917,Debrah Gonzalez Line,long,0.4183565670281476
918,John Simonsen Line,short,0.0528909399640146
919,Michael Acevedo Line,short,0.1182100708882561
920,Anthony Webb Line,short,0.2349085821122691
921,Brenda Close Line,long,0.9562554615625974
922,Jose Gordon Line,short,0.3119360657606892
923,Erica Miller Line,short,0.1658127757741895
924,Kathryn Wagers Line,short,0.371796791511208
925,Cristina Sroka Line,long,0.4526298400057966
926,Daniel Vandyke Line,medium,0.4423888691779876
927,Susan Mikelson Line,medium,0.3482161174892653
928,Justin Wallace Line,short,0.5735221832463149
929,Joseph Beasley Line,medium,0.636374099515794
930,Joel Hancock Line,long,0.7733060066783828
931,Jose Hopkins Line,short,0.0045587452411808
932,John Macumber Line,long,0.6740529682376145
933,Tawanna Hannasch Line,long,0.5697714121541848
934,Danny Bowman Line,medium,0.3597160048898334
935,Connie Smith Line,short,0.30101197658624
936,Nicole Kossman Line,long,0.8525941578935969
937,Edward Tedrow Line,short,0.4809930334649679
938,Briana Rogers Line,long,0.6755333624634133
939,Mark Wicks Line,short,0.3127331447040535
940,Elizabeth Tozier Line,short,0.0482557600620383
941,Anita Lent Line,long,0.4541358803464694
942,Doris Book Line,medium,0.5800931249940215
943,Lynn Bower Line,medium,0.5199639376090044
944,Danny Flowers Line,short,0.0607441032640913
945,Brandon Hale Line,short,0.1297916317314557
946,Sarah Gabriel Line,long,0.880030640746276
947,Robert Votta Line,medium,0.4240587635766601
948,Jean Dooley Line,medium,0.7098438398982183
949,Verlene Smith Line,medium,0.7990794872176539
950,Christopher Hill Line,long,0.9972533462524024
951,Caitlin Johnson Line,long,0.6122743692805916
952,Sheila Eastburn Line,long,0.8139530371058963
953,Elizabeth Joseph Line,short,0.0996284050174789
954,William Jenkins Line,long,0.5528102716471024
955,Louis Hopper Line,short,0.4746751444970029
956,Robert Ausmus Line,long,0.808694926556756
957,Alma Hulbert Line,long,0.714008504836833
958,Andrew Linden Line,short,0.1781824790662449
959,Sarah Doney Line,short,0.5954934337162353
960,Kevin Gau Line,short,0.3079946086285137
961,Thomas Shores Line,short,0.502779170343901
962,Norris Nunez Line,long,0.7687176329653382
963,Anita Jeremiah Line,long,0.7874204117301036
964,Frederick Johnsen Line,medium,0.5535052462990828
965,Stephanie Dewberry Line,long,0.5515049950100879
966,Deborah Williams Line,long,0.7556294268084045
967,Rene Landreth Line,short,0.0213805146471838
968,Cristi Melendez Line,medium,0.7340728865153847
969,Norma Allen Line,long,0.8181568993939718
970,David West Line,long,0.4309861424085702
971,Michael Brown Line,short,0.3456346451566439
972,Edward Lewis Line,medium,0.3991713319129032
973,Maria Cole Line,medium,0.7380687840899973
974,Judith Huston Line,long,0.5206453657603065
975,Peggy Mullen Line,long,0.7640961726116796
976,Floyd Vanhamlin Line,short,0.2838393245845809
977,Robert Henderson Line,medium,0.7067364354294858
978,Peter Grow Line,medium,0.5674695198526347
979,Steven Goldsberry Line,medium,0.4809963207055006
980,Emily Reagan Line,medium,0.7239560607924163
981,Thomas Shofner Line,medium,0.4584560780387857
982,Jodie Hollie Line,medium,0.4407672860789537
983,Toni Jack Line,long,0.6393024955893278
984,Lauren Roney Line,short,0.2590834808976028
985,Katherine Newton Line,medium,0.3089027417134768
986,Elizabeth Seats Line,medium,0.7519197511004485
987,Jack Williams Line,short,0.5218995817827052
988,David Easley Line,medium,0.6220774055687243
989,Josephine Junkin Line,medium,0.6466522392372587
990,Ronald Hogan Line,long,0.4434252211796296
991,Delia Phillips Line,short,0.1974295223750571
992,Michael Kyger Line,short,0.5283852289620067
993,Miguel Ford Line,medium,0.6777039479871012
994,Mathew Rippelmeyer Line,medium,0.6240509530726968
995,Kenneth Bills Line,short,0.4972494794440473
996,Katherine Mckenney Line,short,0.4543732890568113
997,Graham Diaz Line,long,0.4306880466002696
998,Deborah Smith Line,short,0.2167433867629407
999,Kathleen Cosgrove Line,medium,0.5244091912927473
1000,Stephanie Doyle Line,short,0.5881788466915696
1001,Michael Metts Line,long,0.4658404502602039
1002,Amber Lamb Line,long,0.7646722197878539
1003,Brandon Smith Line,long,0.893216540550129
1004,Milton Lopez Line,short,0.5321859529991934
1005,Jacob Smock Line,short,0.038601610373363
1006,Inge Herman Line,long,0.7188548896279949
1007,Amy Shoulta Line,medium,0.7946046624725818
1008,Therese Perry Line,short,0.06351239555936
1009,Judith Antoine Line,short,0.592155206457711
1010,Logan Garcia Line,short,0.5125241624770609
1011,Andrew Johannsen Line,short,0.5431183781272985
1012,Charles Wilson Line,medium,0.2690586943196854
1013,Nelly Killin Line,long,0.5127806924010051
1014,Mary Headrick Line,short,0.1118445526630997
1015,Donald White Line,medium,0.4716816174763623
1016,Gloria Harris Line,medium,0.4711886141254104
1017,Andrew Sommerfeld Line,medium,0.7163131027524787
1018,George Mcmillian Line,medium,0.3807921538301042
1019,Jimmy Grier Line,long,0.5617219947036939
1020,Josefina Herring Line,medium,0.316078874491911
1021,Priscilla Lewis Line,short,0.0728702197609369
1022,Jason Jones Line,short,0.1848138885303726
1023,Daniel Weber Line,long,0.8203704302362335
1024,Donald Ballesteros Line,medium,0.2153744632409844
1025,Gwendolyn Everett Line,medium,0.7384567055755031
1026,Ashley Clay Line,long,0.6797117678584046
1027,Glen Wales Line,long,0.436931688980451
1028,John Priddy Line,long,0.6067524915092467
1029,Ann Hemming Line,medium,0.4365705034874172
1030,Stephen Wagaman Line,long,0.7333061056215013
1031,Jamie Bowers Line,long,0.4793764607419608
1032,Judy Marion Line,medium,0.5367064742377119
1033,Edith Bockelman Line,long,0.8190527843072547
1034,Leslie Rafferty Line,short,0.1818109848195141
1035,Douglas Haynes Line,medium,0.3938030108960066
1036,Cynthia Webster Line,short,0.3417472447255182
1037,Jeffrey Parker Line,long,0.6042008274946749
1038,Thomas Jara Line,long,0.7840609060762838
1039,Mark Mcmahon Line,medium,0.4347137948846256
1040,Delois Killian Line,short,0.0885245550488645
1041,Kathy Wasson Line,medium,0.7343428946265744
1042,Melvin Dobey Line,long,0.4439179095580275
1043,Michele Haven Line,long,0.8936095741314667
1044,Joe Renner Line,long,0.4683967097031094
1045,Robin Garrett Line,medium,0.3161633754993755
1046,Donna Lott Line,long,0.4951762199483551
1047,Charles Quirarte Line,medium,0.6919255046118181
1048,Ethel Dworkin Line,medium,0.2588657213874841
1049,Stephanie Lechner Line,short,0.4477862441415007
1050,Zachery Moschetti Line,medium,0.7311916436854202
1051,James Dover Line,long,0.5585481476527846
1052,Carita Wyatt Line,short,0.464781903323716
1053,Darrell Keenan Line,short,0.0558666466947302
1054,Courtney Eibell Line,short,0.3291239860152041
1055,Stuart Carter Line,medium,0.4421854124568994
1056,Angela Brannon Line,short,0.4743964682214871
1057,Craig Burdette Line,long,0.9664773344127756
1058,Stephen Griggs Line,short,0.3004136622482059
1059,Kevin Carlson Line,medium,0.3676275686957504
1060,Jason Moore Line,short,0.0352634419183029
1061,Clifford Kiewiet Line,short,0.1790141167077107
1062,Michael Simmons Line,short,0.06142995380984
1063,Sandra Sprague Line,medium,0.4769188194042291
1064,Angela Hungate Line,short,0.1146104952361151
1065,Robert Flores Line,long,0.449906882033478
1066,Bert White Line,short,0.424315925720712
1067,James Wilson Line,long,0.8705136323441269
1068,Paul Alley Line,medium,0.5875738631473093
1069,Timothy Neal Line,short,0.4524948168187601
1070,Jamie Castro Line,medium,0.2466303897763337
1071,Crystal Whitney Line,long,0.701803511393112
1072,Bobbie Jefferson Line,medium,0.547362215128931
1073,Earl Richter Line,long,0.565963415931366
1074,Paul Dubose Line,short,0.3797307477133184
1075,Richard Eisenman Line,medium,0.7969812658223736
1076,Louella Defelice Line,short,0.4731813307982562
1077,Jeffery Tesoro Line,medium,0.4655610274537958
1078,Alia Temple Line,short,0.5527247068319072
1079,Wm Dubicki Line,long,0.8247314422566412
1080,Douglas Dwyer Line,short,0.4198832220131588
1081,Lula Suomela Line,medium,0.5175084810624895
1082,Kay Cress Line,medium,0.6171323997941762
1083,Kelly Ramirez Line,long,0.7527151958038845
1084,John Jonson Line,short,0.1777710051904141
1085,Santina Randall Line,short,0.201126284479369
1086,Patrick Chaney Line,medium,0.2359385580789649
1087,Joyce Stidham Line,short,0.0390630807487968
1088,Donald Cropper Line,medium,0.7847521840694194
1089,Carol Reynolds Line,long,0.8258573389083563
1090,James Crandell Line,long,0.4146657543011135
1091,Joel Summers Line,short,0.0974131747527279
1092,Mary Franklin Line,short,0.4342813892214255
1093,Cindy Gee Line,short,0.3146205906217593
1094,Karen Amodeo Line,short,0.5754767686113575
1095,Loretta Aaron Line,long,0.4709560877889078
1096,Timothy Sharp Line,long,0.769470361832423
1097,Ashley Zingler Line,short,0.4747980451482769
1098,Gavin Utley Line,medium,0.2880431994066382
1099,Max Garlington Line,long,0.5376745078876373
1100,Keith Smith Line,long,0.7611860663908485
1101,Jordan Wood Line,medium,0.7344163007668592
1102,Lynn Mahaffey Line,long,0.6252159507371252
1103,David Dove Line,medium,0.3930823724775835
1104,Rosie Wilds Line,medium,0.3818481092315614
1105,Keely Hambright Line,long,0.9815134497008148
1106,Danny Saunders Line,medium,0.7152419856596792
1107,Michael Ziad Line,medium,0.3361346383132454
1108,Stacey Higgins Line,medium,0.6602532800089248
1109,Angela Mckinley Line,short,0.4503211964431297
1110,Charles Osborne Line,medium,0.3499684704347209
1111,Ladonna Wilson Line,long,0.6750093272078366
1112,Arthur Grohs Line,long,0.8090888687666026
1113,Alaina Wehunt Line,short,0.3673237418579415
1114,Henry Dugan Line,short,0.5359950271693741
1115,Cynthia Bailey Line,long,0.4269143980371863
1116,William Davis Line,short,0.4877247944563164
1117,Lorna Gill Line,long,0.4108355435747116
1118,Edward Mcdonough Line,long,0.9713117497935756
1119,Angela Scheidecker Line,medium,0.6250189677447826
1120,Hugh Redway Line,short,0.0234771341825226
1121,Tony Dennis Line,medium,0.5371497775152354
1122,Richard Young Line,medium,0.6387226420743415
1123,Jean Groys Line,short,0.3644978782187992
1124,Brenda Jackson Line,long,0.5984588864337543
1125,William Dixon Line,long,0.7675278759558345
1126,Victor Mcalpine Line,medium,0.7968256746822517
1127,Reyes Mcdowell Line,long,0.4533363988121729
1128,Thelma Hopkins Line,short,0.1052121595585895
1129,Patricia Alexander Line,long,0.6445988398857168
1130,Rose Spalding Line,short,0.4285930962841358
1131,Evelyn Cox Line,short,0.0633389808717421
1132,Carroll Scott Line,long,0.4884906788409717
1133,Jose Redmond Line,long,0.7299220011093204
1134,Albert Johnson Line,medium,0.25672143628812
1135,Zoraida Obyrne Line,medium,0.4618640111212113
1136,Lucy Moser Line,short,0.2887259374331712
1137,Richard Reynolds Line,medium,0.3588519546143962
1138,Andres Walker Line,short,0.0833852737620817
1139,Bobbie Benton Line,long,0.6262542435953041
1140,Essie Prater Line,short,0.2535243306299801
1141,Anne Shuffler Line,short,0.2643387119137797
1142,David Parr Line,long,0.8033659570503495
1143,Jill Haber Line,medium,0.7270074055449829
1144,Patrica Seitz Line,short,0.3298034201679766
1145,Carrie Sanders Line,medium,0.3761448333960331
1146,David Dotson Line,medium,0.3649599543231918
1147,Ty Ramsdell Line,long,0.4444857517688743
1148,Barbara Mckenzie Line,short,0.3687893285501643
1149,Margaret Bagwell Line,long,0.4595779081274044
1150,Domingo Scott Line,medium,0.6601856208558692
1151,Mary Devine Line,short,0.4146114651330775
1152,Megan Charles Line,medium,0.3289478627085184
1153,Gayle Jackson Line,medium,0.5954501918557114
1154,Marion Witt Line,short,0.0504432537888595
1155,Lillian Hill Line,long,0.4395032190632311
1156,Carolyn Wiggins Line,medium,0.5526800648251844
1157,Roseann Long Line,short,0.5573970539905485
1158,Arnold Mallard Line,long,0.502386684821595
1159,Anthony Long Line,long,0.6635052831899679
1160,Sandra Woolever Line,long,0.4857875489044608
1161,Adeline Burger Line,medium,0.7973369250424893
1162,Norma Dang Line,long,0.4190261285519334
1163,Richard Suggs Line,medium,0.6475837123884809
1164,Roberta Moss Line,short,0.1045157884726765
1165,Susan Tapia Line,long,0.6122582053209159
1166,Juliane Davis Line,short,0.3185850923888273
1167,Juanita Carnes Line,long,0.5558690024277134
1168,Sherri Johnston Line,long,0.6203484338267609
1169,Vicki Connell Line,short,0.0185470124762354
1170,Tiffany Beehler Line,medium,0.7324664208869223
1171,Diana Scott Line,long,0.5701928631915585
1172,Randal Montes Line,long,0.7518613453158616
1173,Mark Welch Line,medium,0.7604631596157854
1174,Candace Ramirez Line,long,0.6816565496349207
1175,Lisa Hodson Line,medium,0.7395248177521374
1176,George Geiger Line,medium,0.5221000683309998
1177,Shirley Perfater Line,long,0.4618360948084805
1178,Martin Allen Line,long,0.4849373195033287
1179,Edwin Harper Line,long,0.6433335116981924
1180,Laura Constantine Line,medium,0.4451725714793859
1181,Jason Regan Line,medium,0.221344190997037
1182,Sharon Shearer Line,medium,0.7314080961382556
1183,Mark Dickenson Line,long,0.4932123211791487
1184,Manuel Guillette Line,short,0.1245712908146163
1185,Katherine Huett Line,long,0.4389878817239027
1186,Alan Whapham Line,short,0.161199678959548
1187,Mario Hutchinson Line,short,0.5507181590126754
1188,Doris Eliason Line,short,0.330746527064506
1189,Evelyn Miller Line,long,0.5778856654030717
1190,Audrey Bonenfant Line,short,0.0282214738587776
1191,Sherry Sokol Line,long,0.5100278619382337
1192,Daryl Lester Line,short,0.4568717646866989
1193,Kelsi Quesada Line,short,0.0705113660007255
1194,Stephanie Perez Line,medium,0.6054751006118777
1195,Karen Harbison Line,medium,0.2700845689739745
1196,Matthew Sigmon Line,medium,0.2127429397453087
1197,Harvey Scott Line,long,0.5885002664844419
1198,Robert Mclellan Line,short,0.3986633523238458
1199,William Asmus Line,medium,0.6969881924611978
1200,John Lopez Line,medium,0.6520459181844129
1201,Sandra Mccaw Line,medium,0.6075219931205552
1202,Zachary Booth Line,long,0.7355735925991733
1203,Charles Simmons Line,long,0.5384948984763391
1204,Eugene Oconnor Line,short,0.3280659904435786
1205,Apryl Chen Line,short,0.1889936165926599
1206,Leona Maretti Line,medium,0.798516822886163
1207,Jose Patrylak Line,medium,0.3102620739888304
1208,Merle Lynn Line,medium,0.651217168804713
1209,Mary Lee Line,long,0.9026661755474372
1210,Carolyn Langford Line,medium,0.2278709709472702
1211,Kenneth Perreira Line,medium,0.3312042780116594
1212,Maria Raether Line,medium,0.2201732965427862
1213,Donna Erickson Line,medium,0.7517511021213084
1214,David Good Line,medium,0.7687521346660708
1215,Elizabeth Walker Line,medium,0.2774594262524911
1216,Susie Leclaire Line,short,0.2406586177859677
1217,Richard Ward Line,short,0.5672920855437349
1218,Gloria Wilks Line,medium,0.2438649780446655
1219,Dewey Leaf Line,long,0.5107667846533037
1220,Heidi Reid Line,medium,0.3734125682214682
1221,Joie Ledbetter Line,medium,0.2471296558535126
1222,Terry Reed Line,medium,0.2072899919150242
1223,Patricia Gleaton Line,long,0.5159130537860682
1224,Mildred Colvin Line,medium,0.7084333474668241
1225,Addie Brown Line,long,0.4715060024386027
1226,Caryn Symes Line,short,0.394331138820997
1227,Tommy Jones Line,short,0.2035357299846169
1228,Thomas Mcnutt Line,medium,0.6849660009497618
1229,Sean Carrington Line,medium,0.7122296895977869
1230,Isabelle Wade Line,long,0.8127752059766482
1231,Julie Grisham Line,medium,0.2243082324232757
1232,Lonnie White Line,long,0.725594779809616
1233,Donald Bash Line,long,0.9822042448443072
1234,Debra Cohen Line,long,0.4912238508584874
1235,Reba Dill Line,long,0.8781961938109357
1236,Patrick Carmack Line,medium,0.3398762330039882
1237,Jessica Sanchez Line,medium,0.4903539822653287
1238,Donna Allred Line,short,0.2342530749572529
1239,David Anderson Line,long,0.4926275921624015
1240,Angela Tylor Line,long,0.4873320152331742
1241,Luther Tharrington Line,short,0.3814746460702037
1242,Stephanie Hopper Line,short,0.1447977553286952
1243,Tammy Davis Line,long,0.5562621496782597
1244,Kevin Sanchez Line,long,0.8111269098996801
1245,Anna Avery Line,short,0.3162672893921068
1246,Joseph Blakemore Line,long,0.8219520205879112
1247,Raymond Pastrano Line,short,0.1286448963145191
1248,Daniel Ostrzyeki Line,medium,0.3358433935914526
1249,Adrienne Sanford Line,short,0.2402737306462512
1250,Dorothy Clark Line,long,0.6361852822384928
1251,Thomas Rios Line,long,0.6591624814066801
1252,Adrian Solomon Line,short,0.4120474552115267
1253,Cynthia Lee Line,long,0.5525055232249954
1254,Russell Branch Line,medium,0.3586382049536235
1255,Colleen Filion Line,short,0.1982538503749721
1256,Kyle Moyer Line,long,0.9844346235589846
1257,John Campbell Line,long,0.8879624438108122
1258,Geneva Paulson Line,long,0.5414244656936184
1259,Steven Young Line,medium,0.5255437070182831
1260,Alberto Gonzales Line,medium,0.3550818822860903
1261,Edward Barber Line,short,0.3709716737609916
1262,Anne Nghe Line,medium,0.2146181940990963
1263,Timothy Moore Line,long,0.9666835559361756
1264,Cindy Feliz Line,short,0.0545546414507394
1265,Antonio Dean Line,short,0.5804440985292469
1266,Roberto Rutledge Line,medium,0.5568088124089943
1267,Shelli Rathbun Line,long,0.4740226588018355
1268,Stella Goldman Line,long,0.9455655164488616
1269,Brandi Harpin Line,medium,0.4764201099866922
1270,Lisa Bradford Line,medium,0.5415970746386918
1271,Phyllis Davis Line,medium,0.6807090824017783
1272,Linda Gentry Line,short,0.3316289280035744
1273,Laurie Mares Line,long,0.9241023148382314
1274,Virginia Kirn Line,medium,0.743689817577009
1275,Alycia Danforth Line,medium,0.746260868490564
1276,Teresa Brown Line,long,0.4586440641870709
1277,William Jarvis Line,long,0.5317006777864982
1278,Sharon Zollinger Line,medium,0.276179751372716
1279,Frank Kreisler Line,long,0.430835931111124
1280,Lyle Riel Line,medium,0.3969333738907099
1281,Ann Canty Line,short,0.3400364124095995
1282,Florence Wong Line,medium,0.7176770750191885
1283,Judith Foslien Line,short,0.2623526554712326
1284,Lillie Phillips Line,long,0.5049489957446308
1285,Melissa Beck Line,long,0.5183036920342099
1286,Deborah Thompson Line,medium,0.6087929065888642
1287,Sheryl Garcia Line,long,0.7169096079839061
1288,Julius Puleo Line,medium,0.5120302026063148
1289,Annis Coggins Line,long,0.726289080717623
1290,Crystal Trujillo Line,long,0.7603658774475577
1291,Steve Law Line,short,0.4753081276077233
1292,Heidi Bowen Line,short,0.4126207723848128
1293,Wanda Neal Line,short,0.4682042087338546
1294,Barbara Young Line,short,0.1142436745701043
1295,Ronald Gray Line,medium,0.3904895696846872
1296,Darren Principato Line,short,0.3373877272505842
1297,Robert Donovan Line,long,0.5182049560290773
1298,Richard Zimmerman Line,medium,0.5187494978910889
1299,John Sifuentes Line,short,0.14704489300576
1300,Stella Grant Line,short,0.4809794454295593
1301,Ronald Brenneman Line,short,0.3650884542254414
1302,Emmitt Lunsford Line,short,0.0263569133248644
1303,Leland Sosebee Line,medium,0.6673497339054637
1304,Norma Roush Line,long,0.5204595495577106
1305,Gordon Ratliff Line,long,0.622206242756054
1306,Mayme Cavanaugh Line,long,0.4710810887480259
1307,Lily Kirsch Line,short,0.3777213476704706
1308,Sandra Nelms Line,long,0.4359825533155891
1309,David Jones Line,long,0.9912957863849804
1310,Elizabeth Crisci Line,long,0.9395438531789948
1311,Sarah Otto Line,long,0.761659496447792
1312,Allan Verrett Line,long,0.7222012712354304
1313,Flo Lysak Line,medium,0.5394293567722368
1314,Diana Cordell Line,short,0.5409159676076161
1315,Dorothy Morrow Line,short,0.154748681031113
1316,Lillian Leth Line,medium,0.723843070032467
1317,Sara Truelove Line,short,0.4088256609961513
1318,Marie Jamison Line,short,0.1311958916472212
1319,Margaret Taylor Line,short,0.3676840925387595
1320,Thomas Grant Line,long,0.4142169472860302
1321,Rebecca Hanselman Line,long,0.7034576248048944
1322,Lois Myers Line,long,0.7058146279302926
1323,Jeffrey Bartoletti Line,short,0.0619938761737616
1324,Gloria Walker Line,short,0.3967523856666974
1325,Ashley Tavarez Line,short,0.2585695968401841
1326,Anna Small Line,medium,0.7430852342957448
1327,James Dixon Line,medium,0.757942989334266
1328,James Neidich Line,short,0.4480607390602648
1329,Doris Talley Line,long,0.6378292677686564
1330,Lisa Long Line,medium,0.2433903913753974
1331,Danielle Dixon Line,short,0.0362532230453026
1332,Carol Castle Line,medium,0.5169380814616992
1333,Timothy Morgan Line,medium,0.2445975683502681
1334,Hazel Garbarino Line,medium,0.6083601137868346
1335,Tara Prottsman Line,long,0.806559920731112
1336,Gertrude Thomas Line,short,0.3813517477580071
1337,Tina Dominguez Line,short,0.3271330941636873
1338,Richard Willert Line,medium,0.5808805955882586
1339,Carolyn Nehls Line,medium,0.5030422885940289
1340,Shirley Francis Line,long,0.5049493510491835
1341,Brenda Claggett Line,short,0.3235016531693139
1342,Mary Lund Line,short,0.0147469751193013
1343,John Verdugo Line,medium,0.2826418695369609
1344,Brenda Johnson Line,long,0.4854344063904187
1345,Wanda Nev Line,medium,0.3674207868367853
1346,Keith Nowell Line,medium,0.7980474747135393
1347,Carol Gorrell Line,long,0.8838842127731572
1348,Shirley Franklin Line,medium,0.6087622045281187
1349,Annie Carter Line,medium,0.5909477634590767
1350,Bobby Sanchez Line,short,0.0588409245130704
1351,Lai Ruda Line,short,0.1862856790270736
1352,Glen Fraizer Line,short,0.4244817652047176
1353,Daniel Levins Line,medium,0.2163981173728485
1354,Rachel Brownlee Line,long,0.9392532923456104
1355,Harley Lewis Line,long,0.4343136205093413
1356,Richard Libel Line,long,0.7896269259649885
1357,Raquel Condren Line,long,0.7629192530923483
1358,Jason Adkins Line,medium,0.6657528690446548
1359,Phillip Napier Line,long,0.7091756499275732
1360,Viola Smith Line,medium,0.2192809714236579
1361,Sandra Rufi Line,short,0.5300153011275819
1362,Carolyn Jackson Line,short,0.5993393231977735
1363,Mary Spears Line,long,0.5369077783207968
1364,Paul Elder Line,long,0.6584650408252931
1365,Janette Jones Line,medium,0.4272997085528599
1366,Steven Gribble Line,medium,0.7384379251597428
1367,Freddy Carr Line,medium,0.2985113957138647
1368,Betty Wynn Line,medium,0.7144591498568504
1369,William Seedorff Line,medium,0.697611073664104
1370,Catherine Reed Line,long,0.5909582390016084
1371,Stephanie Begay Line,short,0.2347793177381433
1372,Marni Whitley Line,short,0.3117966656562692
1373,Darren Brochu Line,long,0.7237599330165569
1374,Richard Knight Line,medium,0.5920835283342574
1375,Christy Kirkley Line,short,0.5596504590448141
1376,John Shaeffer Line,medium,0.4234021107292112
1377,Max Poole Line,medium,0.2317145062495934
1378,Elena Jackson Line,medium,0.2487207110489782
1379,Mary Griffin Line,long,0.6691464481480043
1380,Katie Black Line,short,0.508120815153206
1381,Johnnie Saunders Line,medium,0.2095288270400542
1382,Jennifer Cantara Line,medium,0.2253078548255853
1383,Raymond Wells Line,long,0.7617699182511224
1384,George Chambers Line,medium,0.3508898771992275
1385,Thomas Bush Line,long,0.7522602201627521
1386,Tammie Perez Line,short,0.0770893035191084
1387,Bonnie Estevez Line,short,0.2544434418140676
1388,Scotty Canon Line,short,0.1527926465022474
1389,Veronica Moseley Line,medium,0.7848851446781537
1390,Dorothy Ferguson Line,medium,0.4769318675265691
1391,Melvin Seiber Line,medium,0.2836241448682181
1392,Sarah Lopez Line,short,0.1255841480065108
1393,Joseph Saucier Line,long,0.4070423569837753
1394,Faye Bennet Line,short,0.3049271325309872
1395,Nelson Delgado Line,medium,0.4171002380572112
1396,Minnie Garland Line,long,0.9358790811674034
1397,David Dean Line,short,0.0779797006387009
1398,Don Davis Line,long,0.8619986165115143
1399,Debra Duffy Line,short,0.1460264425315216
1400,Bret Mccarroll Line,medium,0.3159162935465096
1401,Juan Kelly Line,short,0.2340946610673001
1402,Aubrey Mastin Line,long,0.6148949254089009
1403,Bessie Tillman Line,short,0.1271457415934799
1404,Cassandra Morely Line,medium,0.4409586249743015
1405,Shannon Buono Line,long,0.7094401580071148
1406,Christine Cain Line,medium,0.4903267373591882
1407,Stanley Baker Line,long,0.7446585660350282
1408,Scott Vines Line,medium,0.2252383435622788
1409,Doris Lau Line,short,0.576419558613269
1410,Brenda Weckhorst Line,short,0.3601184516182576
1411,Sheila Checca Line,short,0.3939495030098864
1412,Heidi Tull Line,long,0.5188780125037564
1413,Anthony Segura Line,short,0.3602474781135809
1414,Jeff Lund Line,long,0.4215872487496401
1415,Thomas Wise Line,medium,0.4966884452965107
1416,Susan Cuadras Line,short,0.3461758305691425
1417,Elmer Lacey Line,long,0.7025317128362307
1418,John Cayo Line,medium,0.4729163480186719
1419,Eboni Santiago Line,long,0.5467816803460388
1420,Dale Forson Line,medium,0.2148884777881327
1421,James Pugh Line,short,0.3855472495915823
1422,Don Pineda Line,short,0.5538500085557226
1423,Freeman Smith Line,short,0.2370586179020458
1424,Jonathan Phelps Line,medium,0.2087322434582281
1425,James Vazquez Line,long,0.9685287949076352
1426,Matthew Buford Line,medium,0.5325422436347809
1427,Willie Mccusker Line,long,0.4001266216755579
1428,Henrietta Anderson Line,short,0.5171391590144632
1429,Jose Mcdonough Line,long,0.8835630265379454
1430,Elizabeth Kirby Line,long,0.8412773906950299
1431,Alyssa Kanter Line,long,0.4038449409441255
1432,Richard Bailie Line,long,0.6917660242925772
1433,Charles Arvan Line,medium,0.5811170873130321
1434,Stuart Larue Line,long,0.9787750572534272
1435,Larry Toribio Line,medium,0.730504974261083
1436,Sean Partch Line,medium,0.3215749667495356
1437,Donald Harris Line,medium,0.733884640019046
1438,Hipolito Ayres Line,medium,0.3726467382596848
1439,Grace Elder Line,medium,0.4566898311788372
1440,Wade Girard Line,long,0.7412575326235391
1441,Hazel Watson Line,long,0.8364042270107246
1442,Teresa Almanza Line,long,0.467085863605017
1443,Catherine Wilke Line,short,0.1251359764726534
1444,Sammy Spence Line,medium,0.592535666141579
1445,Rene Kent Line,medium,0.3713141387527181
1446,Kelly Cate Line,long,0.4740545332071116
1447,Mary Vazquez Line,medium,0.3894214921571155
1448,Jason Graham Line,long,0.977121751793085
1449,Charles Molina Line,medium,0.69673323997472
1450,Natalie Steinberg Line,medium,0.7978346581305196
1451,Angela Bertrand Line,short,0.3998675255989906
1452,Carolyn Adler Line,short,0.2820611167803297
1453,Clarence Cole Line,short,0.5273497713737291
1454,Amy Mann Line,short,0.4450827523604488
1455,Thomas Burns Line,short,0.3908006094186815
1456,Mason Patterson Line,long,0.5557750944649307
1457,Sean Chavez Line,long,0.6516128821564195
1458,Melissa Allison Line,long,0.7578488772668368
1459,Mary Quiroz Line,short,0.3631527524076068
1460,Henry Reid Line,short,0.2958500610072543
1461,Alfred Kelcourse Line,long,0.6774998152635163
1462,Marcelino Andreas Line,medium,0.2168390067474833
1463,Ashlee Moore Line,long,0.6274133166005604
1464,Nathan Swavely Line,medium,0.7369902924612275
1465,Brian Lamb Line,long,0.5655465378979235
1466,Andy Jones Line,medium,0.5155876350926557
1467,Margaret Foulk Line,short,0.3264514572225869
1468,Marie Kunkle Line,long,0.6238652126067162
1469,Rebecca Cuen Line,short,0.1249375692129586
1470,Nichole Frierson Line,long,0.6300554380930313
1471,Stephen Mcgovern Line,long,0.4284969646647626
1472,Ruth Morse Line,medium,0.2325795276025212
1473,Jason Williams Line,medium,0.4541221967295442
1474,Virginia Mcclain Line,short,0.4505307582191032
1475,Jody Belisle Line,medium,0.4889310507750382
1476,Micheal Culpepper Line,short,0.4711535347441615
1477,David Smith Line,short,0.59369825516061
1478,Annette Burge Line,long,0.9530577803107332
1479,Vivian Whipps Line,medium,0.6363518230110523
1480,Lee Deyoung Line,short,0.2025652703517551
1481,Ashley Harkavy Line,short,0.5600020220401472
1482,Vivian Harris Line,short,0.3740485641276135
1483,Mickey Mccrory Line,short,0.4634585742661077
1484,Lavern Burke Line,short,0.3551011971532851
1485,Janet Ponder Line,long,0.8593257730039483
1486,Charles Ryburn Line,short,0.1255786592424071
1487,Michelle Arguelles Line,long,0.7861546502635205
1488,Leslie Murray Line,long,0.8350457102353799
1489,Demetrius Roberts Line,long,0.4189143623276222
1490,Joni Acevedo Line,long,0.7613194205480298
1491,Vincent Johnson Line,long,0.429184365379706
1492,Antoinette Serrano Line,medium,0.6259634701848126
1493,Lisa Ledesma Line,medium,0.7163167573738725
1494,Luke Hernandez Line,short,0.1190535675392254
1495,Mattie Lash Line,short,0.5184662729641681
1496,Helene Windus Line,medium,0.2229232985797962
1497,Robert Thomas Line,long,0.8811895465371369
1498,Cindy Rolfe Line,long,0.4398236706868995
1499,Richard Griffin Line,medium,0.7666324110462175
1500,Lynnette Warman Line,short,0.3759178312467594
1501,Michael Botkin Line,short,0.5213354121646055
1502,Johnnie Thomason Line,medium,0.6213535313188433
1503,Thomas Cupp Line,long,0.8039357941154113
1504,Cheryl Lomack Line,long,0.4219756300501825
1505,Harriett Mendez Line,short,0.4501798454942607
1506,Robert Edwards Line,long,0.7408951351216593
1507,Pierre Groome Line,short,0.4545343496871347
1508,Marin Ward Line,long,0.5561703999335957
1509,Barbara Mcginnes Line,short,0.4592056417854973
1510,Violet Miller Line,medium,0.7586132346833547
1511,Robert Nader Line,short,0.0548855819871829
1512,Donna Numbers Line,medium,0.6501834471369228
1513,Nicholas Dean Line,long,0.4119787932863859
1514,Hubert Baxley Line,medium,0.4273439424916936
1515,Jacqueline Yochum Line,medium,0.7070142098914185
1516,Shawn Torres Line,medium,0.3989908203967724
1517,Gerald Krebbs Line,short,0.0076294997805846
1518,Kevin Nelson Line,short,0.5273918165529932
1519,Luis White Line,medium,0.5336063172029855
1520,Jacquline Crippen Line,short,0.565985460005205
1521,Jesse Hernandez Line,long,0.4059215315746728
1522,Jane Brown Line,short,0.3184256652608442
1523,Mamie Waldbauer Line,long,0.4465250765320588
1524,Cassandra Smith Line,short,0.4208231389038706
1525,Jennifer Rehrig Line,short,0.2940221908675182
1526,Irving Wilkerson Line,long,0.5830917128837985
1527,Beverly Seay Line,short,0.5321931047579965
1528,Derek Petzold Line,medium,0.4463209128410914
1529,Nancy Harris Line,medium,0.3802615037200942
1530,David Ibarra Line,short,0.0029077428053258
1531,Donald Spigner Line,medium,0.3151477682141818
1532,John Hall Line,medium,0.3464718152768395
1533,Ava Aldrich Line,long,0.7397113822478876
1534,Monica Guzman Line,long,0.8710184892221674
1535,Eva Kimmel Line,long,0.8410908187340946
1536,Michael Stukel Line,long,0.5409330287934249
1537,Anna Laxen Line,long,0.9155562696271196
1538,Scott Banks Line,short,0.1613320382594135
1539,Aaron Faulds Line,medium,0.3395550779778945
1540,Luis Williams Line,long,0.6977466382245588
1541,Teddy Sanders Line,long,0.8780215130582043
1542,Christine Austin Line,long,0.8159236302701002
1543,Sarah Segura Line,long,0.6615234692262849
1544,William Craig Line,long,0.6111547119030618
1545,Bo Monterio Line,long,0.8587602803985511
1546,Jan Phillips Line,short,0.493592193336013
1547,Lynn Patrick Line,short,0.4869500908527944
1548,Kimberley Means Line,medium,0.6982900397734244
1549,Flora Roux Line,medium,0.2989424183835095
1550,Sarah Ruiz Line,long,0.473287105837873
1551,Hazel Lee Line,long,0.8980545605749792
1552,Anthony Cote Line,medium,0.6415578299457665
1553,Julia Hall Line,long,0.7972886754979156
1554,Maria Eder Line,short,0.4451515891415608
1555,James Elzy Line,medium,0.5779320394693567
1556,Judy Randall Line,short,0.5334942464194765
1557,Robert Marsh Line,short,0.1347515802311578
1558,Jolyn Young Line,long,0.9250348974009236
1559,Freida Martinez Line,long,0.9024010200090572
1560,Annette Rodgers Line,medium,0.3710637754396932
1561,Bernice Lampkin Line,short,0.1688028144221019
1562,Carlos Yeoman Line,short,0.3560309963038487
1563,Melvin Perez Line,long,0.6063950011117701
1564,Margie King Line,short,0.3050504196700188
1565,Phillip Harris Line,short,0.2313022616303612
1566,Brandon Yodis Line,medium,0.4173004898379457
1567,Nathan Saxon Line,long,0.5319293691868168
1568,Elvin Lee Line,long,0.5178742443519062
1569,Felicia Thomas Line,medium,0.556824176741376
1570,Bettye Meeks Line,medium,0.5271415072500818
1571,Michael Espinoza Line,medium,0.7815656787821836
1572,Ida Craiger Line,long,0.8488807092350872
1573,Alice Lyon Line,medium,0.6157941491983234
1574,Doris Bowers Line,long,0.6140361312344816
1575,Jodi Palomo Line,short,0.0065412440545484
1576,Polly Hampton Line,long,0.965933068309608
1577,Victor Longsdorf Line,medium,0.6955285247089884
1578,Doris Sharples Line,long,0.4493519978216464
1579,John Ahr Line,long,0.9600783886484744
1580,Kara Boch Line,long,0.679399325637697
1581,Sylvia Rainforth Line,long,0.9514365987318216
1582,Lawrence Dickerson Line,medium,0.3016235367251305
1583,Ethel Olds Line,medium,0.4802274557577197
1584,Amy Lewis Line,long,0.5373168893580199
1585,Lavonne Mcclary Line,short,0.1025937957504829
1586,June Gazaway Line,medium,0.7295623842578753
1587,Donald Vandemark Line,short,0.1401897792928191
1588,Kathleen Bica Line,medium,0.391690069062363
1589,Russell Douglas Line,short,0.106261972214265
1590,Elizabeth Talmadge Line,short,0.5683252302261462
1591,Janell Scovel Line,medium,0.512104714497302
1592,Rudolph Peveler Line,medium,0.7913953351955696
1593,Lydia Westerberg Line,medium,0.6117116191732077
1594,Martha Booker Line,short,0.5464580271822367
1595,Anna Burnett Line,long,0.9517503919824684
1596,Barbara Williams Line,long,0.4189109464916288
1597,Kathleen Adams Line,short,0.0894797552318839
1598,Rick Barker Line,medium,0.6057211623622283
1599,Heather Kawai Line,long,0.5477459172148317
1600,Mary Becraft Line,short,0.5947575077845878
1601,Jeffrey Wilder Line,short,0.1536374595606132
1602,Ronald Findley Line,medium,0.426540159615513
1603,Samantha Fair Line,medium,0.2106688446692804
1604,Audrey Trela Line,long,0.9385169252854814
1605,Kevin Shibley Line,medium,0.3306375696668429
1606,Sarah Kauffman Line,long,0.6163998974277213
1607,Carol Schellermann Line,medium,0.4528166497305211
1608,Annie Tsasie Line,short,0.1712746116141696
1609,Larry Hill Line,medium,0.3367763152724248
1610,Antonio Meador Line,long,0.6135540353968099
1611,James William Line,medium,0.355770031683441
1612,Kenneth Collins Line,long,0.9723523908635302
1613,Lonnie Mcculough Line,short,0.4214245310592849
1614,Nancy Arredondo Line,short,0.1409076772717851
1615,Jennifer Miller Line,short,0.3870515949341017
1616,Eddy Browning Line,long,0.7331172540378781
1617,Micaela Raad Line,short,0.2189163025179813
1618,Jason Phillips Line,long,0.7685037932825649
1619,Jules Clark Line,medium,0.6767552760948891
1620,John Page Line,short,0.439707128023587
1621,Joseph Hardy Line,short,0.4778955537573242
1622,Fredrick Morgan Line,medium,0.5037798141731749
1623,William Christopher Line,short,0.0270617788029195
1624,Hilda Stonge Line,short,0.2294711860116656
1625,Jesse Walker Line,long,0.6768334392868174
1626,Nathaniel Rose Line,long,0.945279057325135
1627,Louis Kahler Line,medium,0.6140632229486642
1628,William Sutton Line,medium,0.2155400074514556
1629,Joan Rivera Line,long,0.8231217610615038
1630,Terry Harris Line,medium,0.6986350816649343
1631,Stella Greene Line,medium,0.4232055902847438
1632,Mark Sheehy Line,short,0.2305286895944746
1633,Cecil Thompson Line,long,0.8163142996530339
1634,Donald Weston Line,medium,0.7456074415447083
1635,Gregory Conner Line,long,0.9089880023269258
1636,Eunice Hall Line,long,0.5560034311003585
1637,Dawn Sawyer Line,medium,0.7834818899890914
1638,Kenneth Henderson Line,short,0.1429965754382198
1639,Charles Haskins Line,short,0.2379589358242982
1640,Linda Garza Line,long,0.4731027475238033
1641,Heather Mccatty Line,long,0.8478310818519348
1642,Mary Putt Line,short,0.107218278917573
1643,Ted Rodriguez Line,short,0.3210234231873594
1644,Bryce Childs Line,medium,0.6040735605131373
1645,Maria Avery Line,long,0.9087350814022946
1646,Anna Horton Line,short,0.4007781166633581
1647,Pamela Raygosa Line,medium,0.7989089951958139
1648,Susan Zuniga Line,long,0.8686073012921884
1649,Sandra Buchanan Line,medium,0.6745316839001942
1650,Edward Yarboro Line,short,0.5206035909883886
1651,David Williams Line,long,0.515129496431028
1652,Judy Figueroa Line,medium,0.576828184244673
1653,Charles Craft Line,medium,0.2751531994431797
1654,Jim Smith Line,medium,0.4375908541104883
1655,Timothy Woolcott Line,medium,0.7340491999667031
1656,Lolita Wax Line,medium,0.7546608915824198
1657,Chris Yawn Line,long,0.9351685708542486
1658,James Mcwhorter Line,medium,0.3667327011683732
1659,Jacqueline Brown Line,long,0.7945959728766258
1660,Willie Murray Line,medium,0.7200825740064782
1661,Joseph Nett Line,long,0.593990571416844
1662,Sarah Neace Line,short,0.3876689519056117
1663,William Leonard Line,medium,0.4486331990108658
1664,Patty Combs Line,short,0.2540931974945002
1665,Jennifer Pounds Line,medium,0.4644589769192359
1666,Donna Dayton Line,medium,0.2686948610404525
1667,Gregory Mcnolty Line,medium,0.6537934969718797
1668,Billie Placide Line,medium,0.5385595753207745
1669,Jeffrey Deeter Line,long,0.5911798988954544
1670,Christine Cramer Line,short,0.0073483923734856
1671,Scott Jarrell Line,long,0.9995573802044432
1672,Joshua Hall Line,medium,0.2947533924375887
1673,Colleen Raymond Line,long,0.4965080157179005
1674,Marquita Mace Line,short,0.400868162919942
1675,Jeff Andrews Line,long,0.7741224900917028
1676,Ted Woods Line,short,0.0817267528298532
1677,Diana Bernstein Line,long,0.7926964106791988
1678,Joshua Washington Line,long,0.6800189182186682
1679,Sara Bean Line,short,0.3546250701885317
1680,Doyle Peters Line,medium,0.3915605673786769
1681,Morris Wertman Line,short,0.3247283918149588
1682,Ann Carey Line,medium,0.2445284987583149
1683,Robert No Line,medium,0.632831707568165
1684,Justin Powell Line,long,0.984636987700073
1685,Thomas Thorpe Line,short,0.3715669218623521
1686,Amber Moreno Line,short,0.2387280515663918
1687,Karl Jason Line,medium,0.4077975976810329
1688,Joy Stephenson Line,medium,0.6819204892972737
1689,Megan Collier Line,short,0.297799768466104
1690,Kayla Hayes Line,long,0.9442744648936776
1691,Brendon Paugh Line,long,0.6999888165507974
1692,Evelyn Ahern Line,medium,0.5850646784621669
1693,Marion Edwards Line,short,0.3230282162216463
1694,Penny Firpo Line,short,0.0096058322087065
1695,Tamara Moore Line,long,0.9522822452058368
1696,Jessica Kelly Line,medium,0.5780444707729184
1697,Maria Nation Line,long,0.8552221130528916
1698,Alicia Short Line,short,0.0180007061806639
1699,Dustin Higgins Line,medium,0.6011904212028077
1700,Sharon Roache Line,medium,0.3080794166399775
1701,Carol Riggins Line,medium,0.498739122550192
1702,Rosa Dehetre Line,short,0.3974202401607407
1703,Jose Green Line,short,0.5501660737135028
1704,Daisy Menefee Line,medium,0.5061337885893116
1705,Eugene Fletcher Line,long,0.5351587598157249
1706,Dustin Herbert Line,long,0.9998001944470136
1707,Lynn Germain Line,long,0.8908048334927399
1708,Lisa Capel Line,medium,0.6684405600695738
1709,Vincent Johnston Line,short,0.4649505704130361
1710,Cynthia Wiersema Line,short,0.0527193818667204
1711,Heather Martinez Line,long,0.4550123374707684
1712,William Lopez Line,short,0.0935533425442973
1713,John Deluna Line,short,0.1905777301189534
1714,Lonna Cribbin Line,medium,0.6540319656920235
1715,Robert Huey Line,medium,0.3407685020320958
1716,Asa Hamilton Line,long,0.6548490655075896
1717,David Roth Line,medium,0.4583917451949708
1718,Donna Hart Line,short,0.5863770813758215
1719,Mildred Rice Line,short,0.5446848037465424
1720,Melody Smith Line,long,0.6072100613773828
1721,Shane Spangle Line,short,0.3285535340914233
1722,Jeffrey Fitzgerald Line,short,0.3677848114451283
1723,Peter Pearson Line,medium,0.2713289593943953
1724,Irene Gonzales Line,long,0.7162513156913717
1725,Darryl Riley Line,long,0.7844902018561892
1726,Eugene Geib Line,short,0.1009465872784455
1727,Michael Meggs Line,long,0.6916939515269773
1728,Mark Reagan Line,short,0.4470553507140532
1729,Thomas Moreland Line,short,0.1193727092420542
1730,Rosa Frank Line,long,0.9336761684106458
1731,Karen Daniel Line,long,0.9700150643639112
1732,Marian Dunbar Line,long,0.6241762041242168
1733,Pauline Caudill Line,long,0.8958442307525919
1734,Zachary Albright Line,short,0.5842648409604141
1735,Freddie Cofield Line,short,0.0180763881340043
1736,Imogene Stigers Line,long,0.8954829859579702
1737,Terry Rinehart Line,long,0.4405980080388427
1738,Linda Paige Line,long,0.5926233643964034
1739,Sandra Musick Line,long,0.9287594225078072
1740,Mary Ragan Line,short,0.1903711923478106
1741,Chanel Sallade Line,medium,0.2443927203537343
1742,Bruce Taylor Line,long,0.4546890389357205
1743,Sadie Stahlhut Line,long,0.6276397261526713
1744,James Santana Line,long,0.6403639163279867
1745,Frances Dickerson Line,medium,0.5858268709758097
1746,Matthew Summers Line,medium,0.7579615843306562
1747,Michael Posey Line,medium,0.4453275467129127
1748,Leonard Gregory Line,medium,0.5602469579003803
1749,Lauren Showers Line,long,0.6256862601823268
1750,Steven Loiacono Line,short,0.3624577345755732
1751,James Thompson Line,short,0.2749931513841315
1752,Alice Trueman Line,long,0.8212365713453127
1753,Stephanie Greene Line,medium,0.373216584839821
1754,Alice Brown Line,medium,0.5453205586359416
1755,Karin Green Line,short,0.051156625102421
1756,Bonnie Carroll Line,short,0.2953266075041914
1757,Charles Hall Line,short,0.3128378601926241
1758,Gary Alvarez Line,short,0.4846768247912798
1759,Yolanda Greis Line,long,0.7028791695206936
1760,Geraldine Walker Line,short,0.4782685537764142
1761,Justin Riddle Line,long,0.936957995288732
1762,Sarah Smith Line,short,0.4982835532162107
1763,David Oliver Line,long,0.4915514224115435
1764,Nancy Cooley Line,medium,0.6171472903252073
1765,Sheila Rosenberg Line,short,0.0035344052723377
1766,Ashley Sanford Line,short,0.3971521026575381
1767,Kristina Munday Line,short,0.1627496637612482
1768,Nilsa Brinkley Line,long,0.6468760965405354
1769,Daniel Donald Line,medium,0.3560412973670706
1770,Jaclyn Cook Line,long,0.4729449053621066
1771,Ileana Casanova Line,medium,0.4087753296465474
1772,Laurie Broady Line,medium,0.7169007807009673
1773,Evelyn Lowe Line,short,0.2991485520465057
1774,Kathryn Pearson Line,short,0.0664692199725749
1775,Jacob Jackson Line,medium,0.7017087022651152
1776,Robert Parks Line,short,0.4229937647225145
1777,Sharon Graves Line,long,0.9709960405130068
1778,Mark Buchanan Line,short,0.2235201483434059
1779,Curtis Torres Line,short,0.071016195062244
1780,Brenda Mcneely Line,short,0.0797196801693023
1781,Kevin Hammond Line,short,0.3742873372892494
1782,Christopher Bruce Line,long,0.867781590247293
1783,John Garcia Line,long,0.4995245275194208
1784,Rosita Edgley Line,medium,0.3749134935009953
1785,Allison Adams Line,short,0.1164454345331825
1786,Julio Reiff Line,long,0.9396650126942168
1787,Melanie Allen Line,long,0.9973928401717352
1788,Daniel Cusumano Line,short,0.0677226289848815
1789,Irene Kleckner Line,long,0.5130893285994013
1790,Andrea Keller Line,short,0.0871907356567985
1791,Dana Roberts Line,long,0.9008006416420784
1792,Michael Gilliam Line,short,0.2793689407048438
1793,Margaret Nichols Line,long,0.7566759679479251
1794,Jennifer Martinez Line,medium,0.4837275724457531
1795,Ian Correa Line,medium,0.3594706150140055
1796,Thomas Guinn Line,medium,0.4446670308728037
1797,Charles Sparks Line,medium,0.7482391407812601
1798,Linda Santos Line,long,0.6522286314407728
1799,Timothy Diehl Line,medium,0.2223156962850939
